Row Labels,Stakeholder Unassigned,Quality Engineering,Manufacturing Engineer,Management,Design Engineer
785,1,2,1,,
868,1,2,,1,1
3992,3,1,,,
5199,,3,,,
5866,,3,,,
6893,2,3,,,
8771,1,,,1,
9472,1,1,,,
9550,,3,,,
9569,1,2,,,
12543,4,1,,,
13238,,4,,,
13354,1,2,1,1,1
14324,2,2,1,,
16811,1,,,1,
16857,3,3,,,
16967,1,1,,,
17611,1,2,,1,
18056,,3,,,
18273,,2,1,,
18318,,2,,2,
18336,,3,,2,
20139,1,1,,1,
20930,,3,1,,
23395,,2,1,1,
23756,,4,,1,
23781,1,2,,1,
24035,2,2,1,,
24467,,3,,2,
24814,1,,,2,1
24984,,1,,,
25115,,4,,,
25505,1,1,,,
26139,1,,,1,
26863,1,1,,,
27850,1,1,,2,
29662,2,3,,,
29914,,3,,,
32513,2,,,,
33705,2,2,1,,
34610,,4,,,
34715,,3,,,
35809,1,1,,2,
35885,,2,,1,
35913,,3,,,
36095,2,3,,,
36244,1,1,,,
36298,1,1,,,
36423,1,2,1,1,
36439,1,2,,,
36705,1,1,,2,
37814,1,1,,,
37843,1,1,,2,
38389,1,1,,,
38909,,4,,,
38956,1,1,,,
39523,,4,,1,1
39721,1,2,,1,
39797,1,4,,1,
40475,1,4,,1,1
40914,1,1,,,
44458,,4,,1,2
44472,,2,1,,
44987,1,1,,,
45225,1,3,,,
45637,1,1,,,
46656,2,2,,,
46670,1,3,,,
46820,,2,,,
46918,,4,,,
47097,1,1,,,
47426,2,3,,,
47527,1,3,,,
47584,2,1,,1,
47615,2,3,,,
47832,,1,,1,
47857,3,,,,
48091,1,1,,2,
48132,,3,1,,
48281,1,2,1,1,1
48494,,4,,1,
48537,2,1,,,
49189,2,,,,
49526,,3,,,
49529,1,,1,2,
49558,1,1,,,
49850,,3,,,
50159,,3,,,
50305,1,1,,1,
50433,,1,,1,
51140,2,,,,
51524,2,2,,,
52402,2,2,,,
52832,,3,,,
53144,1,4,,3,
53310,,3,,1,
56065,2,3,,,
56531,,3,,,
56888,1,3,,,
59773,,1,,2,1
60570,,4,,,
61659,2,3,,,
61718,,3,1,1,1
62572,4,,,,
62758,1,2,,1,
63493,1,3,,1,
65053,,3,,2,
65105,2,2,,,
65933,2,4,1,,1
66971,2,,,,
67613,1,4,,,
67614,1,6,1,1,1
70721,,3,1,,
72107,2,5,,1,
72852,,2,,1,
73488,,3,1,,
76160,,3,,,
76340,,4,,1,
78125,1,4,1,1,1
81235,,4,,1,2
81556,1,4,,1,
84049,,2,,1,
85262,2,3,1,1,1
85975,1,,,,
86907,1,1,1,1,
87138,1,5,1,1,
87246,1,1,,2,
87269,1,2,,,
88195,1,5,,1,
89319,2,1,,,
92021,2,3,,,
92571,1,1,,,
93096,2,1,,1,
96011,2,5,,,
96215,,4,,,
96351,,3,1,,
96408,1,3,,1,
97412,,4,,,
97462,2,2,,,
97463,1,1,,2,
97548,1,4,,,
97549,1,3,1,1,1
97647,1,1,,1,
99439,,3,,1,
100716,1,2,,1,
102903,1,1,,2,
103021,2,4,,,
104363,1,2,,1,
104907,1,5,1,1,1
105556,,4,,,
106217,2,4,1,,
106728,,4,,1,
107403,1,,,,
107803,1,1,,1,
110598,1,2,,,
110637,1,1,,1,1
110641,3,2,,,
110831,,4,,,
112440,2,2,1,,
112877,1,1,,,
116760,2,1,,,
117276,1,5,1,,
117994,2,3,,,
118833,,3,,1,
119193,1,,1,1,
119692,,3,,,
119881,1,1,,,
119947,2,1,1,1,
119988,,3,,,
120045,,4,,,
122709,1,1,,,
123136,,3,1,1,2
123226,2,1,1,1,
124199,1,1,,,
124275,1,2,,1,
124519,,3,,1,
125242,,3,,,
125263,1,1,,1,
125357,,3,,1,
125453,1,1,,,
125611,1,,,1,
125652,1,2,,1,
125878,1,2,,1,
125899,,3,,,
125983,1,2,,1,
126186,1,1,,,
126505,1,2,,1,
126537,1,,,,
126600,1,,,2,
126734,,2,1,1,
127066,1,,,2,
127125,2,4,1,1,
127903,1,,,1,
128159,,4,,1,
131113,1,4,,1,2
133352,3,1,,,
133397,,3,,,
133577,2,,,,
135475,1,4,,1,2
136355,,2,,2,
137304,2,3,1,1,1
137438,,4,,,
137460,1,1,,,
137584,1,2,,1,
138237,,3,,,
138647,,4,,,
138782,1,2,,1,
138844,1,3,,,
139076,1,2,,1,
139601,1,5,,1,
139633,1,2,,2,
139781,,3,,1,
139799,,2,,1,
139876,1,4,,1,
140020,,4,,,
140681,1,2,,1,
140795,,3,,1,
140907,,4,,,
141030,,3,,1,
141311,,4,,,
141519,1,1,,1,
141620,1,1,,2,
144490,1,1,,,
144782,1,2,,1,
145038,,4,,,
145160,1,2,,1,
146000,,3,,1,
146352,,4,,1,
146816,,4,,1,1
147428,,3,,2,
147756,2,2,1,,
147806,1,,,1,
148248,1,3,1,1,
148615,,4,,,
149121,1,4,,1,
150097,,2,,2,
150121,,4,,1,
150151,1,2,,1,
150195,,3,,1,
150434,,3,,1,
150507,1,2,,1,
150687,1,,,1,
150694,1,,,1,
150852,1,1,,1,
150858,1,4,,2,
150945,1,3,,,
151465,1,1,,,
151622,1,2,,1,
151638,1,3,,1,
151720,,3,,2,1
151835,1,2,,1,
152188,2,2,,,
152319,2,3,,,
152333,2,4,2,,
152576,1,1,,,
153010,1,2,,1,
153309,,3,,,
153469,2,1,,,
153555,2,2,,,
153570,1,,,1,
153731,4,,,,
153902,,3,,,
158192,1,,,1,
158846,2,2,1,,
159917,1,,,,
160441,1,2,,1,
161424,1,2,,1,
162071,,,,1,
163006,1,4,,,
163010,2,1,,,
163309,1,1,,2,
163326,,3,,1,
163843,1,,,,
164611,,4,,,
164754,1,,,1,
164839,,1,,2,
164940,,3,1,,
166277,1,1,,1,
166349,,3,,,
166490,,4,,,
167074,,4,,,
167093,1,1,,2,
167118,,3,,,
167284,1,1,,2,
167759,1,1,,,
167847,1,6,1,,
169827,2,,,,
170001,,4,,1,
171119,1,1,,,
171661,,1,,,
172122,,2,,1,
172417,1,1,,,
172930,,4,,1,
173187,,3,1,,
173496,1,2,,1,
173811,3,1,,,
174044,,3,,1,
174853,1,1,,,
174893,1,2,,1,
174932,,3,1,1,
175171,1,2,,1,
176444,2,2,1,,
176710,,4,,,
176949,,3,,,
177023,1,3,,,
177294,,2,,2,
177324,,3,,,
177659,1,1,,2,
178504,,4,,,
178759,1,,,,
178837,,4,,,
179370,2,2,1,,
182079,1,1,,,
182389,1,1,,2,
182445,,3,,2,
183076,,3,,1,
184527,2,1,,,
185195,2,2,,,
185506,1,,,,
185685,1,1,,,
185828,1,,,1,
185885,1,4,,,
186523,1,1,,,
186610,,3,,,
186725,,3,,1,
186878,1,1,,2,
187099,1,,,,
187221,2,1,,,
188400,,3,,1,
188538,1,1,,,
188790,1,1,,1,
189633,1,2,1,,
190454,,4,,1,
191381,,3,,,
192684,2,3,,1,1
193099,,2,,1,
193557,,4,,,
193797,1,2,,1,
193825,,3,,,
195724,1,4,,,
196970,,2,,2,
197664,2,3,2,,
197848,1,,,,
197984,1,1,,,
198430,2,2,,,
198459,3,2,,,
199335,1,,,1,
199399,1,,1,,
199554,,3,,1,
199644,,3,,,
199678,,4,,,
201101,,1,1,2,
201496,,3,,,
201556,1,,,1,
202336,,3,,,
203802,1,4,,1,
204007,1,3,,2,
204181,,3,,1,
204182,,4,,,
204220,,3,,,
204331,1,2,,1,
204356,1,4,1,2,
204653,,3,,,
204919,,3,,1,
205672,1,,,,
205813,2,2,,,
207049,1,1,,,
207678,1,3,1,1,
210337,2,2,,,
210772,,4,,,
210819,,4,,1,
211112,1,1,,,
211330,2,3,,,
212214,,4,,,
212317,1,1,,,
212750,1,,,,1
212804,,3,,,
212863,1,1,,,
212932,3,1,,,
212949,1,3,1,2,
213240,2,2,1,,
213839,1,1,,1,
214227,1,1,,,
215532,,4,,,
216187,2,2,,,
216573,,4,,1,
216595,3,4,,1,1
216672,1,,,1,
217410,2,2,,,
217633,3,,,,
217970,2,3,,1,
219323,1,2,,1,
220216,1,1,,,
221054,,3,,,
224439,,3,,,
224701,2,,,,
224903,2,2,,2,
225045,1,2,,1,
225136,1,1,,1,
225341,1,1,,,
225389,,2,,1,
225855,,1,,1,1
227325,,3,,,
228660,1,1,,2,
228678,,3,,,
228688,,1,,1,1
228690,1,,,1,
229100,2,1,,,
229324,,4,,,
229402,1,1,,1,
229900,,2,,1,
230122,1,1,,1,
231580,,4,,,
232673,1,,,2,
233346,1,2,,1,
235709,1,,,1,
236541,,3,,,
237594,1,2,,1,
237602,,3,,1,
238611,2,2,1,,
238796,1,3,2,1,
238814,,4,,,
239659,,4,,,
239706,2,2,1,,
240013,,3,1,,
240223,,2,,,
240385,1,1,,2,
240419,2,2,1,,
240755,1,1,,,
241636,1,,,,
242229,,3,,1,
243152,1,2,,1,
243394,,4,,,
243486,,3,,,
243535,1,1,,2,
243837,,4,,,
244171,1,1,,2,
244597,,3,,1,
245348,,3,,1,
245387,,3,,,1
245536,1,2,,,
245717,,4,,,
245756,2,3,,,
246025,1,2,,1,
246438,2,1,,,
246776,,4,,1,1
246845,,3,,,
247108,,4,,,
247341,,3,,1,
249715,,4,,,
251464,2,3,,,
252626,1,1,,,
253512,1,,,1,
254222,,3,,1,
254933,1,,,1,
255968,1,2,,1,
256236,1,,,,
256696,,2,,2,
257145,,4,,,
257802,,1,,2,1
257830,,4,,,
258001,1,1,,,
258249,,3,,1,
258299,,2,,2,
258601,,3,,1,
258753,,3,,,
259406,1,1,,,
259416,,3,,2,
260022,2,1,,,
260051,1,1,,,
260173,,4,,1,
260400,2,1,,,
260659,1,2,,1,
260992,,3,,1,
261101,1,2,,1,
261866,1,3,,,
262085,,2,,2,
262360,,4,,,
262605,,3,,1,
262726,1,2,,1,
263136,1,2,,1,
263443,,4,,,
266483,1,,,,
268593,,4,,,
269386,,4,,1,
272653,,2,1,1,
273079,1,2,,1,
273080,2,1,1,,
273847,1,1,,2,
273938,1,1,,,
274327,1,2,,1,
274721,1,4,1,,
275351,1,3,,,
275530,1,,,,
276183,1,4,,1,
276336,,3,,1,
276407,1,2,,1,
276914,,2,,2,1
277102,,2,,1,
277307,2,2,1,,
277541,,3,,,
277801,2,1,,,
277872,1,,,,
278100,1,2,,1,
278663,,4,,,
279586,,2,,1,2
279950,,4,,,
280528,,4,,,
280530,1,,,1,
282122,2,3,,,
282267,2,2,1,,
284110,1,1,,,
284112,1,2,,1,
286528,,3,,,
287209,1,2,,1,
287890,1,1,,,
287927,1,5,1,1,
288015,,3,,,
288098,,3,,,
288311,1,2,,,
288757,1,1,,,
289280,1,2,,1,
289741,,5,,,
290245,1,1,,1,
291082,1,2,,1,
291125,,3,,1,
291587,2,3,,,
291982,1,1,,,
292110,,5,,,
292164,1,2,,1,
292632,,4,,1,
292681,1,1,,,
293649,,1,,1,
294133,,4,,,
297069,1,,,,
297158,,2,,1,
297253,2,5,,,
298857,1,1,,2,
299463,3,1,1,,
299671,2,2,1,,
299704,2,3,,,
300010,,2,,2,
300050,,4,,,
300679,1,4,,1,1
301078,1,2,,1,
301472,,2,,1,
301549,,3,,1,
301624,2,1,,,1
302157,2,4,,1,
302178,1,1,,,
302709,,3,,,
302814,1,1,,,
303471,2,2,,,
303478,1,2,,1,
303976,2,4,1,1,
303989,1,,,,
304371,1,,,1,
304585,1,4,1,2,1
304641,1,1,,,
305811,1,1,,2,
306154,,2,,1,
306176,,4,,,
308488,1,2,,1,
309000,1,3,1,1,
309328,,4,,,
310233,1,2,,,1
311010,,3,,,
312577,,4,,,
313878,,3,,2,
314431,1,,,1,
315227,,4,,,
315493,1,1,,,
315573,,4,,,
315712,,4,,1,
315748,1,2,,1,
315928,1,1,,,
316061,,3,,,
316103,1,1,,2,
316535,1,1,,,
316571,2,2,,,
317214,1,1,,2,
317292,1,6,1,,
317473,1,1,,1,1
317769,,1,,,
318236,1,5,1,1,
318647,1,1,,,
318689,,4,,,
318796,2,3,,,
319073,1,2,,1,
319235,1,1,,,
319576,1,2,,1,
319632,1,2,,1,
320248,1,1,,,
320359,1,1,,,
320623,,5,,,
320625,2,3,,,
320641,,3,,,
320768,1,1,,,
320926,,2,,1,
321165,1,2,,1,
321852,,4,,,
322419,,3,,1,
325343,,2,,1,
325489,1,,,,
327187,,2,,2,
327839,,3,,2,
328128,,2,,1,
329186,1,2,,1,
329436,1,4,,1,
329716,,4,,1,1
329996,1,2,,1,
330367,,4,,,
330748,2,3,,1,
331636,1,3,,,
331689,1,1,,,
331706,,4,,,
331880,2,2,1,,
332222,1,,,,
332476,1,1,,,
333398,3,1,,,
333424,1,1,,,
333645,,2,,,
333751,3,,,,
333767,1,1,,,
333839,1,,,,
334097,,4,,1,2
334383,1,4,1,1,
334434,1,,,,
335365,1,1,,,
335446,,3,,1,
335509,1,1,,,
335522,1,1,,,
335540,1,3,,1,
335690,2,3,,,
336107,2,2,1,,
336239,3,1,1,,
336521,1,2,,1,
336787,1,2,,1,
337386,2,3,,,
337436,1,,,1,
337438,3,2,1,,
337880,1,1,,,
338112,,,,1,
339775,1,1,,,
340511,2,2,1,,
340878,1,3,,,
343341,1,1,,,
344295,,4,,1,
344442,,4,,,
344789,1,4,1,1,1
344953,,4,,,
345244,1,1,,1,
345904,2,1,,,
345989,2,2,1,,
347636,2,3,,,
347721,,2,,1,
347728,3,2,1,,
348034,,1,,,
348054,3,3,,1,
348073,1,2,,1,
348132,1,2,,1,
348194,1,2,,1,
348293,,3,,,
348366,3,1,,,
349024,2,1,,,
349521,2,2,1,,
350358,2,3,,,
350983,2,2,,,
351099,,1,,1,
351461,2,2,1,,
351616,1,2,,1,
351774,,3,,1,
351832,1,1,,,
352056,,1,,1,
352092,,3,,,
352332,,2,,2,
352532,,1,,1,
352535,,3,,,
352627,,3,,1,
352631,2,5,,1,
352645,1,1,,2,
352841,,4,,,
352993,2,1,,,
353301,1,1,,,
353319,1,1,,,
354556,1,1,,,
358532,2,3,,,
358834,,3,,,1
359146,1,,,2,1
359189,,3,,,
359257,1,2,,1,
359777,,3,1,,
360032,,4,,,
360084,,3,1,,
360608,3,2,,,
361937,1,4,1,1,1
362043,,2,,2,
362068,2,3,,,2
362096,,3,,1,
362137,1,4,,1,
362654,2,3,,,
362664,1,1,,,
363177,,4,,,
364096,2,2,1,,
364197,1,1,,,
364208,1,2,,1,
364958,1,1,,,
365874,1,1,,,
366972,2,1,,,
367857,1,1,,,
367957,1,1,,,
367962,1,,,,
369454,,4,,1,
369507,,3,,2,2
369810,1,2,,1,
369925,1,1,,,
370138,,3,,1,
371264,2,1,,,
372060,2,,,,
373345,,4,,,
373735,1,,,,
375999,1,1,,1,
377151,,4,,,
378230,1,1,1,1,
379652,1,3,1,1,
379695,,3,,1,
380318,1,4,,1,
380491,,4,,,
381256,1,4,,1,
381365,1,2,,1,
381548,1,5,1,1,1
382070,1,,,,
382155,,3,,1,
382553,1,,,,
382563,1,1,,,
382986,1,1,,,
383415,1,1,,,
385572,,3,,,
388593,1,1,,1,
389859,2,1,,,
390271,2,1,,,
390584,2,3,,,
392065,1,1,,,
392321,1,1,,,
392606,,4,,,
393017,1,1,,,
393973,1,,,2,
394466,,4,,1,
394475,1,,,,
394516,2,1,,,
394548,1,1,,,
394710,1,1,,,
395791,,3,,,
396103,2,3,1,,1
396571,1,2,1,,
397092,2,6,,,
397286,1,1,,,
397409,,4,,,
398411,1,1,,,
398559,2,2,,,
399819,,3,,,
400082,,3,1,,
400482,1,2,,1,
401009,2,1,,,
402737,2,3,,,
403900,2,3,,,
404840,2,2,1,,
406071,1,2,,,
406351,,3,,1,
406596,,4,,,
406966,1,1,,,
407663,,3,,1,
407786,1,1,,,1
407964,1,2,,1,
407970,2,3,,,
408609,1,,,1,
410237,1,,,,
410318,2,2,,,
410510,,2,,1,
410783,2,1,,,
411733,1,1,,1,
412036,1,5,,1,
413008,,4,,1,
413278,1,2,,1,
413607,1,1,,,
413731,,4,,,
415150,1,1,,,
415484,,5,,,
415513,2,,,,
415834,1,1,,2,
416321,1,1,,,
416568,,3,,,
416711,1,,,1,
417190,1,,,,
418627,2,1,,1,
418784,1,2,,1,
418951,,3,,1,
418952,1,3,1,2,1
419020,1,,,1,
419144,1,1,,1,
419413,1,2,,1,
421142,,2,,1,
421182,2,3,,,
422373,5,,,,
422698,,2,,2,
423128,1,,,2,
423269,2,2,,,
424208,,3,,1,
424401,1,,,,
426065,2,5,,1,
426103,,3,,2,
427121,,2,,1,
428147,3,1,,,
428152,1,1,,,
429167,1,2,,1,
435279,1,2,,1,
435761,1,5,,1,
436129,,4,,1,
436587,,3,,,
436865,,3,1,,
437173,2,,,,
441480,2,,,,
443106,1,2,,1,
444141,1,2,,1,
444350,,3,,2,1
444954,1,1,,,
447479,1,1,,,
447873,,3,,,
448825,1,1,,1,
449659,,3,,1,
449841,1,2,,1,
450022,1,3,,2,
450920,1,2,,1,
450964,,3,,1,1
455473,,1,,2,
455752,,3,1,,
459094,,3,,,
459570,16,3,,,1
460047,2,4,1,,
460712,1,2,,1,
463018,,3,,1,1
463533,1,3,,2,
465159,1,3,,1,
466379,1,1,,1,
469375,1,3,,1,
471018,,1,1,2,
471272,,3,,,
471434,1,2,,1,
473664,2,3,,,
475906,,2,,,
477193,,3,,,
478714,2,3,,,
479306,3,3,,,
479315,1,4,,1,
479421,1,1,,2,
480547,1,2,,,
480606,,3,,1,
481684,,2,,,
481743,2,1,,1,
482202,,3,,,
483165,,3,,1,2
483254,1,1,,,
484090,,2,1,1,
484873,,3,,,
485164,1,2,1,1,
485284,1,2,,1,
485598,,2,,,
486039,,2,,,
486861,,1,,1,
486907,,3,,,
487045,,2,,2,
487234,,1,,1,1
487280,1,2,,1,
490112,1,,,,
493629,1,1,,,
495788,,3,,1,1
498877,1,1,,,
499326,2,2,1,,
500190,1,4,,1,
501048,,3,,,
501798,,4,,,
502194,,4,,,
502270,,2,1,1,
502271,1,1,,,
502908,3,2,,,
503342,,4,,1,
503443,,3,,1,
504631,1,3,,,
504835,1,4,1,1,
507123,1,2,,1,
508034,,3,,,
508186,,4,,1,
508831,1,2,,,
509301,1,,,1,
513612,,1,,,
513970,1,,,1,
516058,,4,,,
516603,,1,,1,1
516681,1,2,,1,
517279,,4,,,
518201,3,2,,,
519168,,3,,1,
519350,,4,,,
519416,2,3,,,
519834,,4,,1,
519853,1,2,,1,
521133,1,,,,
521904,1,,,,
522041,,3,,2,
522521,,3,,1,
523007,1,4,,1,
523154,1,2,,1,
523311,1,1,,1,1
525114,,3,,1,2
525849,9,,,,
527004,1,2,,1,
527927,,1,,1,1
529397,2,1,,,
529914,,4,,,
531128,2,2,,2,2
531191,,1,,1,
531522,1,4,1,1,
532542,1,2,,1,
532639,,4,,,
533056,,3,,1,
533076,,3,,,
533308,1,1,,,
533469,1,2,,1,
533916,1,,,,
534216,1,1,,,
534363,2,1,,,
534364,1,2,,1,
535457,2,3,,,
536366,1,1,,,
536403,,4,,,
536494,1,,,,
537240,1,1,,,
537868,1,4,,1,
538195,1,1,,1,
543849,3,2,,2,
545593,1,1,,1,
546286,1,1,,,
546356,1,1,,,
546640,2,3,,,
546814,1,2,,1,
548137,1,2,,1,
548529,,4,,1,
548642,1,3,,1,
548837,2,3,,,
549788,2,1,,1,
549848,,4,,,
551588,1,2,1,,
551589,,3,,1,
551879,2,3,1,1,1
551926,2,3,,,
552842,,4,,1,
553028,1,2,,1,
553216,,4,,,
553610,,2,,2,
555122,1,,,,
555187,,4,,1,
555268,,4,,,
555631,1,2,,1,
558057,,2,,1,
559362,1,2,,1,
559381,1,1,1,,
560557,1,,,1,
560998,1,,,2,
562155,,3,,,
563060,1,1,,1,
563712,1,,,,
564097,2,4,,,
564372,3,4,1,,
565046,1,2,,1,
565831,,4,,1,
566232,2,2,,,
566353,,3,,,
566832,,3,1,,
567609,1,1,,1,1
567888,,3,,,
568691,1,1,,,
569769,,4,,,
570113,,4,,1,
572415,,4,,,
572680,1,4,,1,
574275,1,1,,,
576611,1,2,,1,
577467,1,,,1,
579458,,2,,1,1
585264,2,2,,,
585538,,3,,1,
585834,1,3,,,
586873,2,2,1,,
587871,1,1,,,
588044,,4,,,
590416,2,2,,,
593751,1,,,1,
600398,1,2,,1,
601065,1,1,,,
601980,1,1,,,
602900,1,1,,,
603548,1,1,,2,
605250,2,1,,,
607046,,3,,1,2
608062,,2,1,1,
609037,,3,,,
609329,1,1,,,
610229,2,2,,,
610403,1,1,,,
610774,1,1,,,
611362,1,1,,,
611687,,4,,,
612114,,3,,,
612545,1,2,,1,
614383,,5,,,
619199,1,1,,,
621215,1,3,,1,2
621311,,4,,1,
621859,2,2,,,
625823,,4,,,
626533,1,2,,1,
627494,1,1,,,
627921,,3,,1,
628072,1,1,,2,
628473,1,1,,,
629173,1,,,,
629492,1,1,,,
629626,,3,,1,
630647,2,1,,,
630875,,3,,1,
631127,,3,,1,
631367,1,1,,1,
631445,1,1,,1,
631681,,3,,1,
631727,,3,,1,
632476,1,3,,,
632576,1,2,,1,
633835,1,4,1,2,1
636815,1,1,,,
639387,2,2,,,
640179,3,2,,,
640782,1,2,,1,
641178,,4,,1,
642273,,4,,1,
645268,,3,1,,
646253,,4,,1,
646904,1,1,,2,
647568,2,2,,,
648091,,3,,1,
648155,,4,,,
648171,,4,,,
648549,,4,,,
648957,,3,,1,
649022,,3,,1,
649274,1,2,,1,
649771,,4,,1,
650109,1,2,,,
650413,1,,,,
652298,,4,,1,
652526,1,,,2,
653027,2,1,,1,
654199,1,2,,,
654228,,4,,,
655935,2,1,,,
656700,1,2,,1,
656948,2,2,1,2,1
660311,2,3,,,
660702,,1,1,1,
660733,1,2,,1,
660747,1,1,,,
660889,1,1,,1,
660955,3,1,,2,
660996,1,1,,,
661076,1,1,,,
661937,1,3,1,2,1
662282,,4,,1,
663338,1,5,1,,
664024,2,3,,,
664181,1,,,,
664377,1,1,,,
664487,,4,,1,
664749,2,4,1,1,
664805,1,1,,,
664910,,3,,2,1
664928,1,2,,,
665295,2,3,,,
666266,1,1,,,
666923,2,1,,,
667023,2,2,,,
667192,1,2,1,1,
667946,1,2,,,
667953,2,3,,,
670078,1,1,,,
671601,,4,,,
672784,2,5,,1,
673523,,3,,,
673580,2,3,,,
674833,1,,,,
676342,1,2,,1,
677074,2,1,,,
677754,1,,,1,
677998,,3,,,
679085,,3,,,
680142,,3,,1,
680703,1,1,,,
680915,,3,,1,
681076,1,2,,1,
681681,2,1,,,
681687,,3,,1,
682183,1,,,2,
683673,2,2,,,
685368,1,5,,1,
685722,2,2,1,,1
686827,2,2,,,
691444,1,1,,2,
691780,2,2,,,
691813,1,2,,1,
694944,2,3,,,
696639,1,,,1,
697580,1,,,,
698916,,2,,2,
699877,1,2,,,
700816,,4,,,
702225,,2,,,
715180,1,,,,
715246,1,1,,,
715532,1,1,,,
716981,1,2,,1,
717082,2,2,,1,
718204,,2,,2,1
718218,1,,,,
718319,1,3,,,
718334,,3,,,
722925,,2,,1,
723771,1,4,1,1,1
724643,,3,1,,
725362,,3,,1,
725571,1,2,,1,
726308,,,,2,
728189,,2,,1,1
731320,3,4,,1,
731371,2,3,,,
731710,1,1,,,
731720,1,1,,,
731879,1,2,,1,
731961,,3,,,
732009,2,3,,,
735190,,4,,,
738686,1,1,,,
740379,,3,,,
740962,1,,,,
741680,,3,,1,
744078,3,1,,,
745619,2,,,1,1
746168,1,,,,
746193,1,1,,,
746206,2,2,,,
746837,,4,,1,
747356,1,1,,,
747417,1,2,,1,
747729,,2,,,
747786,2,3,,2,
749489,1,4,,1,
749931,3,1,2,,
752705,2,3,,2,
752783,1,2,,1,
755205,2,3,,,
755358,1,3,,1,
755718,1,2,,1,
758081,1,2,,1,
758090,1,1,,,
758458,2,2,,,
760083,1,,,,
761008,1,,,,
761035,3,2,,1,
764155,1,4,,1,
764390,2,1,,1,
765035,1,3,,,
766528,1,4,,1,
767714,1,4,,1,
768640,1,2,1,,
770113,2,3,,,
770373,,2,1,1,
770575,1,1,,2,
770599,1,2,,1,
770683,,4,,1,
771082,,3,,1,
771345,1,1,,,
772072,,4,,,
772165,,3,,1,
772559,1,4,,1,
774164,2,2,,,
774785,,2,1,1,
774828,,4,,1,
775636,1,2,,,
775643,1,4,,1,
776613,1,1,,,
776939,,3,,2,
777543,1,2,1,,
778004,1,1,,,
778203,,4,,,
778602,1,2,,1,
778810,2,1,,,
780340,,3,,1,
781126,1,4,,1,
784347,1,,,,
785995,1,4,,1,
786283,1,3,,1,
787132,1,2,,1,
787229,,2,,,
788077,,4,,,
790243,1,3,1,1,
790475,1,4,1,2,
790731,2,,,,
791183,1,1,,,
791817,2,4,,1,1
794290,,4,,,
796001,1,,,,
797529,,4,,1,
798864,1,4,,1,
800346,1,1,,,
801768,2,1,,,
802233,1,4,1,2,1
803216,1,3,,,
804614,1,,,,
809470,1,2,,1,
809518,1,,,,
812397,1,,,,
813222,2,2,,,
813303,2,4,1,,
814324,1,1,,1,
816306,1,2,2,,1
816351,,3,,,
816394,3,,,,
816461,,4,,1,
816538,,3,1,,
817776,1,1,,,
818698,1,2,,1,
818753,3,2,1,1,
819305,1,2,,1,
819481,,3,,1,
819844,,4,,1,
819907,,4,,,
820282,2,3,1,1,
820314,,3,,,
820404,,3,,2,1
822001,1,,,,
824314,2,,,,
824818,2,2,,,
825075,1,,,,
825628,1,3,,,2
825786,1,4,,1,
825831,1,5,1,,
827241,1,1,1,,
827654,1,,,,
829646,1,2,,1,
830927,1,2,,1,
831474,1,1,,,
834738,,2,,1,
834950,1,,,,
839018,,3,,,1
840313,1,2,,1,
842541,2,3,,,
842775,1,1,,,
844140,,3,,1,
844716,1,1,,,
845033,,3,,1,
850090,1,3,,,
852605,,2,,2,
852627,,3,,,
852672,1,3,,,
853218,,3,,1,
855031,1,1,,2,
855321,1,1,,,
856531,2,2,,,
857739,2,3,1,1,
860314,,2,1,,
863178,1,3,,,
863281,1,1,,,
865047,1,4,,1,
865379,1,4,,1,
865452,2,2,,,
865849,1,1,,,1
869545,1,,,,
870125,1,2,,1,
870136,,2,,2,
870146,,4,,,
871443,1,1,,,
873626,1,3,1,1,1
876488,2,2,,1,
879209,,3,,2,
880060,1,1,,,
880851,,4,,1,
881062,1,1,,,
882118,1,1,,,
882745,1,3,,,
882903,2,4,,2,
884623,3,1,,,
884628,6,,,,
884645,,3,,1,
885711,3,2,,,
886507,,2,,2,
886630,2,4,,1,
886887,1,2,,1,
891188,1,1,,,
894436,1,1,,,
894667,,2,1,,
894674,1,2,,1,
895533,,3,,2,
896427,2,2,,,
897074,1,4,1,1,1
904684,,2,,2,
904732,1,1,,1,
905483,1,,,,
906792,1,,,2,1
907048,,3,,1,
907377,2,2,,,
907761,,3,,1,
908541,2,3,,,
909155,1,1,,,
910669,,4,,,
910764,,2,,1,
911705,1,2,,1,
911724,,4,,,
912627,,2,,2,2
912655,1,3,,2,1
917007,1,1,,,
917830,,3,,1,
918178,1,2,,1,
918363,1,2,,1,
919079,1,,,2,
919195,,1,,2,2
921081,1,,,,
921720,1,1,,,
921952,2,5,1,1,
923643,1,2,,1,
924297,1,1,,,
924824,2,1,,,
925381,1,1,,,
926589,2,2,,,
927307,1,4,,1,
927405,2,3,1,1,
927463,1,2,,1,
931171,,3,,1,1
931669,1,3,,,
932045,,4,,,
933092,1,1,,,
934251,2,3,,,
935366,2,2,,1,
935389,,1,,1,
935583,1,1,,,
936202,1,2,1,,
937655,,3,,1,
939504,,4,,,
940137,,2,,1,
942617,1,,,,
943071,,3,,1,
943809,,3,,1,
944891,,4,,,
947125,1,2,,1,
947297,2,3,,1,
947516,2,3,2,,
947580,,3,,1,
948856,1,,,,
950751,2,2,,,
951291,3,1,,,
952477,2,,,,
953226,,1,,,
954995,,3,,1,
955475,2,3,,,
958508,1,1,,,
959324,,2,,2,1
960910,1,,,,
961368,,4,,1,
962027,1,3,,,
962454,1,2,,1,
962492,,4,,1,
962681,,3,,1,
962843,1,2,,1,
963501,1,3,1,1,
963834,1,2,,1,
963963,,3,,2,
964395,1,,,,
964635,1,1,,1,
966373,1,1,,,
968570,9,,,,
968588,,2,1,,
969511,1,1,,,
969821,1,2,,,
971310,1,2,,1,
972367,1,3,1,1,
972641,1,,,,
973077,2,1,,1,
973148,1,1,,,
973730,1,1,,,
974104,1,2,,1,
974260,1,2,,1,
974772,,4,,,
975653,2,1,,,
976123,1,1,,2,
976213,1,1,,,
976577,1,,,,
976679,1,1,,2,
976696,1,4,,2,
976781,2,2,1,1,
976853,1,,,,
977611,,2,,1,
978176,,3,,1,
978320,1,4,,1,
978771,1,2,,1,
979009,2,1,,,
981115,,5,,,
981410,2,2,1,,
981767,1,2,,1,
981814,1,,,,
982602,,3,,1,
982720,1,4,,1,
984666,2,2,,,
984716,,4,,,
985102,,3,,1,
985601,1,,,,
986449,2,2,,1,1
987186,,2,,1,
990022,1,5,1,,
990714,,2,,,
991521,1,,,,
991660,1,1,,,
991714,,3,,,
991715,,2,,2,1
991801,2,2,,,
992051,1,1,,,
992287,2,1,,,
992699,,3,,1,
992711,2,1,,,
992749,1,1,,,
992990,2,2,,,
993075,,3,,,
993095,1,1,,,
993599,,3,,,
994655,1,1,,2,
995546,,3,,,
995595,1,2,1,,
996313,1,1,,,
997085,1,,,1,
997278,,3,,,
997423,,3,,2,
997749,,5,,,
998775,,4,,1,
999486,1,2,,1,
999503,,3,,,
999695,1,2,,1,
1000272,1,3,1,1,
1000443,,3,1,,
1001201,,4,,,
1001901,1,2,,1,
1003461,2,,1,2,
1003755,1,,,,
1004235,1,3,,,
1004334,1,3,,1,1
1005336,,2,,2,
1005692,1,1,1,,
1006664,1,4,1,2,
1007304,1,1,,,
1007905,1,2,,1,
1008069,1,1,,,
1008481,1,1,,,
1008497,2,2,,,
1009086,,4,,1,
1009867,,2,1,1,
1010615,2,2,,,
1011081,1,1,,,
1011269,1,2,,1,
1012030,1,2,,1,
1012475,2,1,,,
1012710,2,2,,,
1012848,1,2,,1,
1013106,,1,,,
1013366,1,1,,,
1013712,1,2,,1,
1013740,,3,,1,
1014471,,3,,1,2
1014595,,2,1,,
1014750,1,2,,1,
1014999,,4,,,
1015444,2,4,1,1,1
1016545,,3,,2,
1016633,1,,,,
1016678,1,1,,,
1017159,,3,,1,
1017560,,3,,1,
1017729,1,1,,,
1018589,,2,1,,
1018772,1,4,1,1,
1019245,1,5,1,1,
1019457,1,1,,,
1019511,1,,,,
1019553,,3,,,
1019742,1,4,,,
1019917,4,2,,,
1020347,2,2,1,,
1022209,,3,,,
1023432,1,3,,2,
1023923,2,1,,,
1024104,1,2,,1,
1024433,1,3,1,,
1024727,1,1,,2,
1024933,1,,,,
1025120,,3,,1,
1026483,1,1,1,1,
1026724,1,2,,1,
1026969,2,3,,,
1027308,2,2,,,
1028635,1,1,1,1,
1029062,3,1,,,
1029514,2,3,,,
1029621,,2,,2,
1030258,1,2,,1,
1030287,,3,,,
1030320,,3,,,
1030754,2,2,,,
1030802,1,2,,1,
1030865,2,3,,,
1031333,,5,,,
1031435,1,2,,1,
1031887,1,3,,1,
1033914,1,3,,2,
1034129,1,1,,,
1036351,,1,1,1,
1036578,,3,,1,
1037155,1,,,2,
1037851,,4,,,
1038141,1,2,,1,
1038606,,3,,1,
1038927,,3,,,
1039776,1,1,,,
1039819,1,2,,1,
1041313,1,1,,2,
1041930,,3,,,
1042104,3,2,1,,
1042115,1,2,,1,
1042230,,3,,,
1042258,1,5,1,1,
1042441,,4,,,
1042885,,2,,2,
1043521,1,,,,
1045176,2,3,,,
1045550,1,3,,1,
1046069,1,1,,2,
1046689,,3,,,
1047232,,4,,,
1047726,2,1,,,
1048057,,4,,1,
1049680,,2,,1,
1049759,1,1,,1,
1049850,1,1,,,
1049931,1,5,,,
1050464,1,2,,1,
1050506,1,4,1,1,
1050602,1,4,,,
1050704,1,1,,,
1051884,,2,,1,
1052230,1,2,,1,
1052579,,4,,,
1052981,2,,,1,
1053135,1,3,,,
1053662,,5,,,
1053681,,4,,1,
1054184,,1,,1,
1054290,,4,,,
1054293,,3,,,
1054617,1,1,,,
1054673,,3,,,
1055035,1,2,,1,
1055255,2,,,,
1055464,4,2,,,
1055745,,5,,,1
1055827,2,3,,,
1056015,,3,,1,
1056411,,4,,,
1056426,1,4,1,1,
1056438,,4,,,
1056542,,3,,1,
1056819,,4,,,
1057466,,2,,1,
1057717,1,2,1,,
1057941,1,2,,1,
1058320,1,1,,2,
1058348,1,3,,2,
1058441,1,3,1,2,
1058540,2,2,,,
1058833,1,2,,1,
1058948,,4,,1,
1059763,,3,,,
1059885,2,1,,,
1060283,1,1,,2,
1061167,1,1,,,
1061192,1,2,,1,
1061267,1,1,1,,
1061325,,4,,1,
1061789,,3,,,
1062046,,3,,1,
1062093,1,2,1,1,
1062102,,1,1,1,
1062393,,3,,,
1062668,1,3,,,
1063946,,3,,,
1064056,1,2,,1,
1064636,2,2,,,
1064689,,1,,1,
1064730,,4,,,
1064957,1,2,1,,
1065676,1,1,,,
1065904,,4,,,
1066514,2,3,,,
1067126,,1,1,2,
1067190,1,1,,1,
1067242,,2,,,
1067557,,3,,2,
1067684,,3,,1,
1067915,,2,,,
1067960,1,2,,1,
1068401,1,2,,1,
1068900,,3,,2,
1069122,,4,,1,
1069190,1,2,,1,
1069288,1,2,,1,
1070618,,4,,,
1070627,1,1,,,
1070759,,2,,1,
1070942,,3,,1,
1071099,,3,,1,
1071154,1,3,,,
1071870,2,,,,
1072777,1,,,,
1072899,,4,,,
1073578,1,2,,1,
1073712,1,1,,,
1074090,2,1,,,
1075061,1,2,,1,
1075130,2,1,,,
1075138,,4,,,
1075267,1,1,,,
1075316,1,2,,1,
1075562,1,1,,2,
1076054,1,1,,2,
1076189,2,2,,1,
1076306,,4,,,
1076331,,3,,1,
1077319,3,4,,1,
1077361,1,4,,,
1077395,,3,,,
1077656,,4,,,
1077891,2,2,,,
1078530,1,1,,,
1078872,1,1,,,
1079340,1,4,,1,1
1080914,1,2,,1,
1081352,,4,,,
1081950,2,3,,,
1083138,,4,,,
1084641,1,2,,1,
1085256,1,3,,1,
1085663,1,1,,,
1085770,,3,,1,
1086113,,4,,,
1086853,,3,,,
1087055,2,3,,,
1087601,1,4,,,
1087690,1,1,,2,
1088078,1,,,1,
1088559,2,1,1,1,
1088566,,4,,,
1088793,2,5,,1,
1089349,,1,,,1
1089811,,3,,1,
1090332,,4,,,
1091100,,4,,,
1091106,1,2,,1,
1091328,1,2,,1,
1091842,,4,,1,1
1091931,1,1,,2,
1091957,,3,,1,
1092080,1,1,,,
1093260,2,1,,,
1093272,1,,,,
1093288,2,2,,,
1094407,,1,,,
1096906,2,2,,,
1097526,1,,,,
1098365,1,2,1,1,
1098766,,2,,2,
1099267,,2,,1,
1099391,1,,,,
1099625,1,4,,1,
1099633,1,1,,,
1099878,1,1,,,
1100496,1,4,,1,
1101751,,1,1,2,
1102145,2,,,,
1102592,,2,,1,
1102593,1,1,,,
1102621,1,2,,1,
1102651,,3,,1,
1103831,,3,,2,
1103970,1,3,,,
1105436,1,2,,1,
1105578,2,5,,1,
1105891,2,1,,,
1106260,,4,,,
1107767,2,3,,,
1109118,,3,1,,
1110150,2,,,,
1112016,,,,2,
1113004,,3,,,
1113339,1,5,1,1,1
1113581,,2,1,1,
1114713,1,4,,1,
1115766,1,,,1,
1116109,,3,1,1,
1116554,2,4,1,,
1116816,3,1,1,,1
1117014,,3,,1,
1119418,1,1,,1,
1119428,,3,1,,
1119633,2,3,,,
1119662,1,4,,1,
1120710,,4,,1,2
1120773,,3,,1,
1122649,,3,,1,
1122877,1,2,,1,
1122922,1,2,,1,
1123543,1,2,,1,
1123607,,4,,1,
1123714,,2,,1,2
1124081,1,3,1,,
1124232,1,2,,1,
1125188,1,1,,2,
1126745,,3,,,
1127439,1,,,,
1127530,1,4,1,1,
1129522,1,,,,
1130007,2,2,,,
1130425,1,1,,1,
1130859,1,3,,,
1131223,2,1,1,1,
1131416,1,1,,,
1132198,1,1,,,
1132331,,4,,,
1132769,1,,,,
1133404,1,2,,1,
1134391,,3,,,
1135078,,4,,,
1135172,1,1,,2,
1135190,1,1,,2,
1135947,,3,,1,
1136154,1,2,,1,
1136208,,4,,,
1136729,2,2,,,
1137552,1,4,1,1,
1139357,,2,,1,
1139929,1,1,,,
1139944,4,1,,,
1140344,,2,1,1,
1140363,1,5,1,1,
1140401,1,1,,2,
1141488,,4,,,
1141723,1,1,,2,
1141938,1,1,,1,1
1142343,1,4,,1,
1142636,,2,,1,
1144495,1,5,,1,
1144747,,3,1,,
1144911,1,2,,1,
1144971,1,,,,
1145133,1,1,,2,
1145152,1,2,,1,
1145334,1,,,,
1145471,,4,,1,
1145832,1,1,,,
1145859,1,2,,1,
1146096,1,1,1,1,
1146700,1,4,,1,
1149549,1,,,,
1149938,1,4,1,1,
1150148,,3,,1,
1150281,,1,,,
1150851,1,3,,,
1150927,1,,,,
1152022,1,1,,,
1152106,1,1,,,
1152505,1,1,,1,
1152852,1,2,,1,
1153526,,4,,1,
1153646,1,1,,2,
1154658,1,2,,1,
1154908,,4,,1,
1154972,,3,,1,
1155088,1,4,1,1,
1155924,,4,,,
1157204,3,3,,2,
1157722,1,,,,
1157755,1,5,,1,
1159109,1,1,,,
1159794,,2,1,1,
1159879,1,4,,,
1162392,1,1,,,
1164088,,3,,,
1164941,1,1,,1,
1165074,2,4,,1,
1165420,1,2,,1,
1165429,,2,,2,2
1166091,,4,,1,
1166471,1,1,,,
1166500,1,1,,,
1166616,1,3,,,
1167102,1,5,1,1,
1167303,,4,,,
1167912,1,,,,
1168083,1,2,,1,
1169161,2,,,,
1169188,1,1,,,
1169758,2,1,,,
1172680,1,2,,1,
1173703,1,1,,,
1174732,,2,1,,
1175660,1,1,,,
1176071,1,1,,,
1176233,1,2,,1,
1176259,,2,,2,
1176609,,3,,1,
1176954,1,3,,,
1177070,,2,,2,
1177374,1,,,,
1178193,,4,,,
1178272,,2,,1,
1178311,,4,,,
1178624,1,4,,1,
1179487,1,,,,
1179510,1,1,,1,
1179662,1,,,,
1179739,,3,,,
1180748,,4,,,
1181218,,1,,1,
1182353,1,1,,,
1182495,1,1,,,
1182510,1,1,,,
1182911,1,1,1,,
1183650,1,,,,
1183672,1,,,,
1183831,2,4,,,
1184616,,3,,,1
1185231,1,1,,1,
1185471,,2,,2,
1185606,1,1,1,,
1187393,,2,1,1,
1190446,1,1,,,
1190534,1,1,,,
1190580,2,2,,,
1191819,2,3,,,
1192022,1,4,,1,
1192305,1,,,1,
1192694,2,2,,,
1192824,1,1,,,
1193719,2,2,,,
1193763,1,1,,,
1195473,,3,,1,
1195505,,4,,,
1195809,,3,,,
1197922,3,3,1,,1
1198380,1,,,,
1199352,2,3,,,
1200938,1,2,1,2,1
1202129,,3,,,
1203181,,2,,1,
1203247,1,,,,
1203785,,4,,1,1
1205091,,4,,1,
1205480,1,1,,,
1206419,1,2,1,,
1206915,,4,,,
1207203,2,1,,,1
1207652,2,1,,,
1208117,1,4,,1,1
1208250,1,2,,2,
1213450,1,1,,,
1213464,,3,,1,
1213821,1,3,,1,
1214406,,3,,,
1215808,,1,1,,
1218894,,3,,,
1219068,,4,,,
1219276,1,1,,1,1
1222367,1,1,1,1,
1223036,1,1,,,
1223162,1,2,,1,
1224431,1,1,,1,
1226849,1,2,,1,
1227160,1,,,2,
1227423,,3,,,
1228416,1,,,1,
1228662,1,,,,
1230754,,1,,,
1231481,1,1,,,
1232115,1,4,1,1,
1233038,,3,,1,
1234085,1,4,1,1,
1234128,1,,,,
1234461,2,2,,,
1234890,,4,,,
1235369,1,1,,,
1237768,2,1,,,
1238400,1,2,,1,
1240137,1,2,,,
1243125,,4,,,
1243703,1,,,1,1
1244495,,4,,,
1244794,,3,,,
1244991,1,,,,
1247068,1,2,,1,
1247266,,4,,1,
1247357,,4,,,
1247693,1,1,,,
1247820,1,1,,2,
1248017,1,2,,1,
1248036,1,,,,
1248049,1,1,,1,
1248237,,4,,,
1248352,1,1,,,
1249043,1,2,,1,
1249938,2,,,1,
1250667,1,1,,,
1250900,1,1,,1,
1250903,3,2,,,
1250904,2,5,,,
1251090,,3,,,
1251108,,,,1,
1252129,1,2,,1,
1253298,2,2,,,
1255854,1,2,,,1
1256557,,2,1,,
1256835,,2,1,,
1257157,,4,,1,
1258555,2,,,,
1258799,,3,,1,
1258969,,4,,,
1260947,2,2,,,
1261026,,2,,1,
1262529,1,3,1,1,1
1263917,1,1,,,
1264316,2,2,,,
1264907,2,3,1,,
1265328,1,1,,,
1266049,1,2,,1,
1268041,,3,,,
1269896,,4,,,
1269998,,4,,,
1272834,,4,,,
1273750,,3,,1,
1273752,1,1,,,
1274480,1,1,,,
1275466,,2,1,1,
1276019,1,,,,
1276031,1,,,,
1276232,1,2,,1,
1276280,3,2,,,
1276916,3,1,,,
1277715,1,4,,1,
1279354,,4,,1,
1280383,,3,,1,
1280417,,3,,1,
1280492,2,1,,1,
1280495,,3,,,
1283996,1,2,,1,
1284749,1,1,,2,
1284966,1,1,,,
1285245,2,2,,,
1285987,,2,,2,
1286580,,3,,2,
1286716,1,1,,,
1286861,,3,,1,
1287422,,2,,2,1
1287439,,3,,1,
1288023,1,2,,1,
1288764,2,5,,1,
1289113,,4,,1,
1289472,1,,,,
1289763,1,1,,,
1290463,1,3,,,
1290611,1,2,,1,
1291230,,3,,1,
1291591,1,2,,1,
1292465,2,1,,,
1292674,1,,,,
1292812,1,1,,2,
1293174,1,1,,,
1293796,1,3,,,
1293826,,4,,,
1294258,,4,,,
1294365,2,1,,1,
1295009,,4,,,
1295050,1,1,,,
1298130,,3,,1,
1298252,2,3,,,
1298354,2,2,,,
1299217,1,5,1,1,1
1299735,,4,,,
1299846,1,2,,1,
1299908,,4,,,
1300447,,2,,1,
1300531,1,,,2,
1300858,1,4,,1,
1300992,,3,,,
1301144,1,1,,,
1302069,1,2,,1,
1302404,,3,,2,
1304794,1,5,1,1,1
1305451,1,1,,2,
1305473,,4,,1,
1306146,,4,,,
1306369,1,,,,
1308008,1,1,,2,
1309226,1,3,,1,
1310047,,2,1,,
1310331,1,1,,1,
1311423,2,1,,,
1311533,1,1,,,
1311778,1,2,,1,
1314463,2,,,1,
1314648,1,1,,,
1314937,2,3,,,
1315228,2,3,,,
1315290,,4,,,
1315605,1,1,,,
1318056,1,2,,1,
1318196,,4,,1,
1318204,1,,,2,
1321203,,3,,,
1322159,,4,,,
1322423,1,5,,1,
1322522,1,1,,,
1323951,1,2,,1,
1324064,1,3,,1,
1324146,,,,2,1
1324800,2,1,,,
1325984,,1,,,
1326092,3,5,1,,1
1326940,,3,,,
1326959,1,4,,1,
1327003,,1,1,,
1327018,,2,,1,
1327882,1,1,,,
1328550,1,1,,2,
1328767,1,,,,
1329278,1,1,,,
1331256,1,1,,,
1331665,1,2,,,
1332075,1,,1,1,
1334358,1,1,,,
1334500,1,1,,,
1335897,,,,2,
1336369,,4,,,
1336388,,4,,,
1337357,2,,,,
1337517,2,5,1,,
1340538,2,5,,1,
1340568,1,2,,1,
1342651,,3,,1,
1342689,1,,,,
1344505,1,2,,1,
1344572,,2,,1,
1345278,,3,,1,
1345802,,3,1,,
1346911,1,1,,,
1348712,3,2,,,
1349414,1,1,,,
1350355,,4,,,
1350596,,4,,1,
1352269,2,2,,,
1352440,1,,,1,
1352572,1,,,,
1352604,1,4,,1,
1352623,1,,1,2,
1352687,1,1,,,
1353041,1,1,,2,
1356981,1,2,,1,
1357540,1,2,,1,
1357733,1,2,,1,
1357980,,2,1,,
1358211,1,1,,,
1358371,,3,,1,
1358402,,3,,2,
1358651,1,4,,1,
1361160,1,2,,1,
1362058,1,4,,,
1362075,1,1,,1,
1362472,2,1,,,
1363008,1,1,1,1,
1363365,2,4,1,2,
1364666,,3,,1,
1366664,,4,,,
1366737,1,,,,
1368852,2,2,,,
1371423,,3,,,
1371757,,3,,1,
1372137,2,3,,,1
1372772,1,1,,2,
1373636,1,1,,,
1375374,,3,,1,
1376020,,4,,,
1376157,1,1,,,
1376183,1,,,,
1376216,2,3,,,
1376391,2,1,,,
1376885,1,2,1,1,
1376886,1,,,,
1377529,,4,,,
1377897,1,5,1,1,
1378032,1,4,1,1,1
1378067,,4,,,
1378232,,3,,,
1378719,,2,,1,
1382124,1,2,,1,
1382405,,4,,,
1383821,1,1,,,
1384447,,3,,,
1385785,1,2,,1,
1385812,2,2,,,
1387784,1,2,,1,
1387811,1,1,1,,
1388059,,3,,,
1388725,,3,,,
1388909,,4,,,
1388967,1,2,,1,
1389254,1,2,,1,
1389440,5,,,1,
1389677,,3,1,,
1390109,,3,,1,
1390566,,4,,1,
1390629,1,4,,1,
1390927,1,5,,1,
1391207,,4,,1,
1391447,1,1,,,
1393918,2,4,,,
1393922,,3,,,
1394195,,4,,,
1394784,,3,,,
1394815,,4,,1,
1395299,1,4,,1,
1395466,3,5,,1,
1396283,,3,,2,
1396697,1,4,,,
1396711,1,2,,1,
1398881,,2,,1,
1398921,1,2,,1,
1400077,1,2,,1,
1400208,,4,,,
1400572,,3,,1,
1400795,1,2,,1,
1400816,,2,,2,
1401252,,2,1,1,
1401817,1,,,1,
1403183,1,4,1,1,
1403311,,3,,,
1403329,1,4,,1,
1403426,,2,,1,
1403624,,3,,1,
1404062,,3,,1,
1404294,1,5,1,1,
1404814,1,2,,1,
1404820,2,2,,,
1405642,,3,,,
1405723,1,1,,1,
1408116,,3,,1,
1408333,2,5,1,,1
1408558,,3,,,
1412097,,3,,1,
1415217,1,3,,,
1415972,1,2,,1,
1415976,1,4,1,1,1
1416053,1,2,,1,
1417109,2,2,,1,
1417114,1,1,,,
1417120,1,2,,1,
1417377,1,1,,1,
1417475,2,3,,1,
1417570,,3,,1,
1417732,1,1,1,1,
1418325,,2,1,2,
1419184,,4,,,
1420460,,4,,,
1420789,,3,,1,
1421479,1,3,,,
1422492,3,2,,,
1422625,2,3,,,
1424066,1,3,,,
1424932,,3,,1,
1424966,,4,,,
1425150,1,1,,,
1426265,1,3,,,
1426491,2,5,1,,
1426861,1,1,,,
1427972,,3,1,,
1428472,2,5,1,,
1428544,1,2,1,1,
1429838,,2,,1,1
1430303,1,1,,,
1430462,2,,,,
1431008,1,1,,,
1431009,2,2,,,
1432400,,3,,1,
1432466,,3,1,,
1432524,,4,,1,
1433360,2,3,,,
1433440,3,,,,
1434698,1,3,,,
1434936,1,4,,1,
1435727,,2,,1,
1435906,,3,,1,
1436297,,5,,,
1436521,1,1,,,
1436536,4,2,,,
1436567,,4,,,
1437171,1,1,,2,
1437938,1,2,,1,
1438775,1,,,,
1439164,,3,,,
1439496,1,2,,1,
1439706,,4,,1,
1440326,1,1,,,
1443112,1,,,,
1443417,1,2,1,,
1443476,1,3,,2,
1443773,1,,,,
1444115,2,3,,,
1444216,2,2,,,
1444533,2,2,,,
1444985,1,,,1,
1445243,2,2,,,
1445409,1,,,,
1445703,1,,,,
1446853,,4,,,
1447426,2,2,1,,
1448143,1,1,,,
1448166,,2,1,1,
1448419,1,2,,1,
1448806,,4,,,
1449466,,3,,1,
1449831,2,3,1,,
1450533,,3,,,
1451112,,3,,2,
1451530,,4,,,
1451594,,4,,1,
1451618,,4,,,
1452184,,3,1,1,
1452247,,3,1,,
1452657,,3,,1,
1452725,1,2,,1,
1453248,,3,,,
1453254,,4,,,
1454080,1,2,,1,
1454420,2,2,,,
1455216,1,,,2,
1456095,2,,,2,
1456516,1,2,,1,
1456802,2,3,,,
1456951,2,1,,1,
1457074,,4,,,
1457525,,2,,1,
1457658,10,,,,1
1457762,1,2,,1,
1457769,1,2,,1,
1457934,,4,,,
1459170,1,,,1,
1460593,2,2,,,
1461223,1,1,,,
1462002,1,2,,1,
1462058,,4,,,
1462747,,1,,,
1462900,1,1,,,
1463663,,2,,2,
1464699,,3,,1,
1465421,1,1,,,
1466876,3,1,,,
1466983,1,1,,2,
1468184,1,1,,,
1469893,,3,,1,
1470362,1,4,,1,
1470754,3,2,,,
1471350,,4,,1,
1471618,2,2,1,,
1471662,3,1,,,
1472147,3,3,,2,
1473350,1,4,,1,
1473399,,4,,,
1473601,1,2,,1,
1474869,1,1,,,
1475472,,3,1,,
1476960,,4,,1,
1478576,2,5,1,,1
1479777,1,,,2,
1480225,3,,,,
1480910,1,2,1,1,
1482036,2,,,,
1482073,2,3,,,
1482264,1,1,,,
1482389,1,3,,,
1482636,1,5,,1,
1483897,,4,,,
1484152,,2,,1,1
1484220,,2,1,,
1484244,1,3,,1,
1485019,,2,,2,
1485195,1,1,,2,
1485277,2,2,,,
1485471,2,3,1,,
1485664,1,1,,,
1485687,1,,,1,
1486829,2,1,,,
1486860,1,2,,1,
1487167,1,1,,1,
1487311,1,,,2,
1487971,2,1,,1,
1488290,1,2,,1,
1488527,,4,,1,
1490628,2,2,,,
1490629,1,1,,2,
1491789,,3,,1,
1492329,1,,,,
1492379,,4,,,
1492813,1,,,1,
1493470,,2,1,1,
1493560,2,2,,,
1493606,,3,,1,
1493821,1,1,,,
1494227,3,1,,,
1494796,1,3,,2,
1495408,1,5,1,1,1
1495505,,2,,1,
1495609,2,3,,,
1495842,2,1,,1,
1496307,1,2,,,
1497130,1,3,1,1,
1497229,,4,,1,
1497474,1,2,,,
1497906,,4,,,
1497990,1,,,,
1499033,2,,,,
1500651,1,1,,1,1
1500672,1,2,,1,
1500794,,3,,1,1
1501063,,4,,,
1501269,1,1,,,
1501397,1,,,,
1502557,,3,,1,
1502576,,3,,1,
1502916,1,2,,1,
1502986,1,,,,
1504766,1,,,,
1505114,1,,,1,
1505261,1,2,,1,
1505627,,3,,1,
1506145,2,3,,,
1506761,,4,,1,
1506975,1,4,,2,
1507009,,4,,,
1507468,1,1,,1,
1507586,1,2,,1,
1507841,,4,,,
1507870,1,4,1,1,
1508183,1,4,1,1,1
1510995,1,,,,
1512961,1,1,,,
1513277,2,3,,,
1514169,,4,,1,
1514939,1,1,,,
1516291,,4,,1,
1519360,2,1,,1,
1519517,,3,,1,
1519768,,3,,1,
1520137,1,1,,2,
1520369,,1,,1,
1520472,,2,1,1,
1520916,,3,,1,
1521963,2,3,,,
1522179,1,,,,
1526630,3,3,1,,
1526992,2,3,,,
1528227,1,,,1,
1530436,1,,,,
1531043,,4,,1,2
1531854,1,2,,1,
1533215,1,1,,2,
1534389,1,3,,,
1535653,,2,,1,
1538025,2,2,,,
1538148,2,3,,,
1538443,,3,,1,2
1538729,2,3,,,
1539183,,4,,1,
1539253,,4,,1,
1539711,2,2,,1,
1540243,1,2,,1,
1540378,1,3,,1,1
1541832,1,5,1,,
1542581,1,1,,,
1543489,1,1,,,
1543688,1,,,,
1545085,1,2,,1,
1546924,1,4,,1,
1549409,2,1,,,
1550506,1,1,,,
1551764,1,1,,,
1551998,,3,,1,
1552265,1,2,,,
1552319,1,4,,1,
1552324,1,1,,,
1552758,1,4,1,1,
1552879,1,,,,
1554173,1,1,1,1,
1554853,1,1,,,
1554882,,2,,1,
1555038,1,1,,,
1555374,1,1,,2,
1556590,,4,,1,
1556641,1,5,,1,1
1557032,1,1,,,
1557178,,4,,1,
1557680,1,1,,,
1557693,,2,,1,
1557778,1,4,,1,
1557829,,2,,2,
1557958,,1,1,2,2
1558342,2,5,1,,
1558572,,2,1,,
1558705,1,3,1,1,
1558817,,3,,1,
1558900,2,3,1,1,
1559041,1,1,,,
1559702,5,1,,,
1561530,1,1,,,
1561762,1,1,1,1,
1561801,2,3,,,
1562827,2,3,,,
1563667,1,1,,2,
1564241,,3,1,1,
1565939,,3,1,,
1566179,1,2,,1,
1567096,1,1,,,
1567243,2,,,1,
1567504,2,2,,,
1567825,,4,,1,
1567948,,2,1,,
1568016,,3,,1,
1568919,1,3,1,,
1569853,1,3,1,,
1572245,1,3,,,
1572929,1,,,,
1574107,5,2,,,
1578501,1,,,,
1580974,,3,,1,
1580996,1,1,,,
1581211,1,4,,1,1
1582092,1,3,,1,1
1582159,2,4,,1,
1582202,2,5,1,,
1582554,2,1,,,
1583537,1,3,,,
1585266,,3,1,,
1585599,1,,,,
1585780,,3,,,
1585904,1,2,,1,
1587075,1,1,,1,
1587227,,3,,1,
1587346,,3,,1,
1588038,1,2,,,
1588972,1,3,,,
1589046,1,1,,,
1589410,,3,,1,
1589483,,1,,,
1590008,1,1,,,
1590278,,3,,,
1592288,1,2,,1,
1592740,1,2,,1,
1592808,2,3,,,
1593283,1,3,1,2,
1593350,1,1,,1,
1593463,1,1,,,
1593503,,3,,1,2
1594370,2,2,,2,
1594583,1,5,1,,
1596930,1,3,,2,
1596973,3,5,,,1
1597562,1,1,,2,
1598492,,4,,,
1599417,,4,,,
1602185,1,2,,1,
1602495,1,4,1,1,
1603714,,4,,,
1608075,,3,,1,
1608519,2,2,,,
1608716,1,2,,1,
1609956,,3,,1,
1610143,1,1,,2,
1611140,1,1,,2,
1613113,1,5,,1,
1613536,1,2,,1,
1614015,2,2,,,
1615618,2,2,,,
1617271,2,1,,1,
1617493,1,2,,1,
1617852,1,3,,,
1619407,1,1,,2,
1619699,1,2,,1,
1620295,1,2,,1,
1620685,1,4,,1,
1620815,2,,,,
1620870,1,2,,1,
1621403,2,2,,,
1621636,1,2,,1,
1622518,,2,1,,
1622534,2,3,,,
1622696,2,2,,,
1622829,,3,,1,
1623631,1,4,,1,
1623823,,3,,,
1624488,1,1,,,
1625007,,4,,,
1625332,2,2,,,
1630221,1,2,,1,
1630247,,4,,1,
1630288,1,5,,1,1
1630451,,4,,,
1630638,,3,,1,
1631381,1,1,,2,
1632337,1,1,,2,
1634296,1,1,,2,
1634397,,2,,1,
1635212,2,2,,,
1636258,2,3,,,
1637615,4,2,,,
1639161,4,1,,,
1640176,4,1,,,
1645653,,3,,,
1646419,2,3,,,
1647271,,1,,1,
1647569,,3,,1,
1648333,,3,,1,
1648553,,4,,1,
1649113,1,3,1,2,
1649482,1,3,,2,
1650706,1,1,,,
1650850,1,2,,1,
1651470,1,1,,,
1651521,,1,,1,
1651947,2,2,,,
1652727,2,3,,,
1653115,2,2,,,
1653482,1,2,,1,
1654317,2,1,,,
1654506,2,3,,,
1655504,,3,,1,
1655737,1,3,1,,2
1656503,2,2,,,
1658563,2,3,,,
1658775,1,3,,,
1659198,,3,,1,
1660430,1,2,1,2,
1663996,1,,,,
1665088,1,5,1,,
1665624,2,3,,2,
1667954,2,4,1,,
1670092,1,1,,,
1670914,1,5,1,1,
1671162,,3,,1,
1672735,1,2,,1,
1673201,1,2,1,,
1674224,,2,,1,
1674695,1,1,,2,
1675239,1,4,,1,
1675608,,4,,,
1676288,1,1,,,
1677280,1,1,,,
1677398,,4,,,
1677558,1,2,,1,
1678025,,4,,1,
1678550,,3,,2,
1679584,1,2,,1,
1682933,1,1,,2,
1683603,,3,,,
1683886,3,4,,1,1
1684339,1,4,,1,1
1688647,1,,,,
1688661,,3,,,
1688702,,3,,1,
1689134,1,2,,1,
1690159,1,1,,2,
1691697,1,4,1,1,1
1692816,,4,,1,
1693267,2,3,,,
1695089,1,5,,1,1
1696990,2,3,,,
1698053,1,2,1,1,
1698454,1,5,,,
1698651,2,,,,
1698653,1,2,,,
1700419,1,4,,,
1702115,,1,,1,
1703177,1,1,,1,
1704415,1,2,,1,
1704593,,3,,,
1704764,1,,,,
1705194,1,,,2,
1705672,,3,,,
1706625,,3,,1,
1707161,,4,,,
1708046,1,2,,,
1708970,1,4,,1,
1709325,1,,,,
1709424,,3,,2,
1709563,2,1,,1,
1711036,1,2,,,
1711322,,4,,,
1711415,1,4,1,1,1
1713455,1,1,,1,
1715651,,3,,1,
1715652,1,3,,,
1716440,,3,,,
1717010,1,2,1,,
1717147,,4,,1,2
1717679,1,2,1,,
1718267,2,4,,2,
1718774,1,,,2,
1721100,1,1,,2,
1722366,1,3,,,
1723130,,4,,,
1723484,1,2,,1,
1724364,1,1,,,
1724849,1,2,,1,
1725943,,3,1,,
1726731,,4,,,
1726915,1,1,,,
1727513,,3,,,
1729286,1,,,,
1729316,2,2,,,
1729374,1,2,1,1,
1729628,1,2,,1,
1729990,1,,,1,
1734541,,3,,1,
1734552,,3,,,
1734823,1,1,,2,
1735090,,3,,,
1735091,1,,,1,
1735734,1,2,1,,
1735903,1,,,,
1736699,,4,,,
1738340,,2,,1,
1738376,,3,,1,
1738490,,4,,,
1739043,2,1,,1,
1739306,,4,,,
1739742,,3,,,
1739855,1,2,,,
1740047,2,2,,,
1740406,1,,,,
1740461,,4,,,
1740514,1,1,,2,
1740614,1,2,,1,
1741988,1,3,,2,
1742365,,1,,1,
1742958,2,3,,,
1743398,,3,,2,
1743716,,4,,1,
1743849,,3,,1,
1744093,,4,,1,
1744978,,4,,,
1745628,,1,,,
1745645,,3,,,
1745732,3,2,,,
1746027,1,1,,,
1746058,2,2,,,
1746278,,3,,,
1747268,,2,,2,
1748423,1,1,,,
1748519,1,4,1,2,
1749107,,3,,,
1749897,,1,1,,
1750506,,3,,,
1750534,1,1,,,
1750609,,4,,,
1750678,1,2,,,
1751495,,3,,1,
1752225,2,3,,,
1753080,,4,,1,
1753462,1,1,,2,
1754279,1,3,,1,
1754503,2,3,,,
1755727,,3,,1,
1755939,1,1,,,
1756073,1,4,,1,
1758271,,3,,1,
1759603,,2,,,
1759609,,4,,,
1760264,,4,,1,
1760872,,1,1,1,
1760901,1,2,,1,
1762759,1,4,,,
1765277,,4,,,
1766468,,2,1,2,
1767988,,2,1,1,
1768483,1,1,,,
1768553,1,1,,,
1768814,1,1,,,
1770610,1,1,,1,
1773114,,4,,,
1773230,1,1,,,
1773282,2,3,,,
1773793,2,2,,,
1774655,2,2,,,
1775797,2,1,,,
1775809,,2,,,
1776046,1,,,,
1776310,1,4,,1,
1777272,,4,,,
1777497,1,2,,2,
1777916,,4,,,
1777986,1,2,,,
1778496,,3,,,
1778872,,4,,,
1779091,1,2,,1,
1780018,,4,,1,
1782550,1,1,,,
1784756,,3,,1,
1786410,1,2,,1,
1786654,,2,,,
1786767,2,3,,,
1786856,1,4,1,,
1787144,1,1,,,
1788124,1,,,2,
1790846,,4,,1,
1791223,1,1,,2,
1791483,1,3,2,,
1791491,1,2,,1,
1791760,,3,,1,
1792944,1,2,,1,
1793459,1,5,,1,1
1794076,1,1,,,
1794834,1,4,,1,
1795027,,2,,1,
1795189,,3,,,
1795344,1,2,1,,
1796061,,4,,,
1796994,,2,,,
1797236,,4,,,
1797289,1,2,,1,
1797403,,3,,,
1798414,2,2,,,
1798761,2,2,1,,
1798981,,1,,1,
1800444,2,2,,,
1800805,1,1,,1,
1802005,1,2,1,,
1802121,,3,,,
1802581,,1,,1,
1804711,1,2,,1,
1805727,,3,,1,
1806004,1,1,,,
1807156,1,1,,,
1807770,1,2,,1,
1807928,1,1,,,
1809006,,4,,,
1809176,1,2,,1,
1809591,1,2,,1,
1810064,1,1,,,
1810896,,1,1,2,
1811036,,2,,1,
1811546,,2,,2,
1811642,2,3,,,
1812056,,4,,,
1812076,1,1,,,
1812338,3,1,,,
1812366,1,1,,,
1812624,,3,,1,
1813164,1,4,,,1
1813836,1,5,,1,
1814350,2,2,1,,
1820611,1,,,,
1821309,,2,,2,
1821419,,4,,1,
1821454,1,2,,1,
1822846,1,2,,1,
1822883,,3,,,
1822950,1,3,,,
1823443,2,2,1,,
1823765,1,1,,,
1824165,1,1,2,1,1
1824493,2,2,,,
1825546,1,2,,1,
1826227,1,2,,1,
1826254,1,2,,1,
1826384,1,2,,1,
1827225,1,2,,1,
1828133,1,,,1,
1828629,1,3,,,
1829557,1,3,,2,2
1830061,2,3,,,
1830103,,3,,,
1830245,,3,,2,
1830686,,3,,,
1833847,1,1,,,
1833981,2,2,,,
1834112,1,,,,
1834927,,3,,,
1835111,,3,,1,
1836515,1,2,,1,
1838198,,4,,,
1838769,,2,,1,
1838788,1,4,,1,
1839996,,3,,1,
1840779,,3,1,1,1
1841822,2,2,,,
1842013,,2,1,,
1842836,,2,,,
1842990,1,,,,
1843230,,4,,,
1843561,1,3,,,
1844100,,4,,,
1844940,1,1,,,
1845673,1,1,,,
1845840,1,1,,,
1845874,1,,,,
1846303,1,,,,
1846753,1,3,,,
1847185,,2,,1,
1847206,,3,,1,
1847664,1,3,,2,
1848198,,3,,1,
1848214,,,1,1,2
1848363,2,3,,1,
1848630,2,1,,,
1849325,1,,,1,
1849620,2,1,,,
1850020,,4,,1,
1850866,1,4,1,1,
1851034,1,1,,,
1851125,1,,,,
1851277,2,2,,,
1851319,1,3,,,
1851575,1,2,,1,
1855716,1,1,,,
1856066,1,1,,1,
1856145,,3,,1,
1856374,1,3,2,,
1856716,1,4,1,,
1857079,,2,,1,
1857598,,3,,,
1857635,1,2,,1,
1857676,2,4,2,,
1858343,1,1,,1,
1859179,,3,,1,
1859180,,2,,1,
1859359,,2,,1,
1859583,1,2,,1,
1859658,,3,,1,
1859856,1,,,,
1860044,2,2,,,
1860238,1,,,,
1860241,3,,,,
1860361,1,,,,
1861465,1,,,,
1862011,1,,,,
1862114,,4,,1,
1862217,,4,,1,
1862703,2,3,,,1
1862705,1,,,,
1862767,1,,,,
1863458,,,1,2,
1863935,1,1,,,
1863999,,4,,,
1865240,2,1,,,
1865500,,4,,1,
1865659,1,5,,1,
1865845,1,3,1,2,
1866005,,3,,1,
1866051,1,2,,1,
1866855,,3,,2,
1868587,1,4,,,
1869164,1,2,,1,
1869333,,4,,,
1869371,,3,,1,
1869393,1,3,2,,
1869530,2,1,1,2,
1869679,1,5,1,1,
1870628,1,1,,,
1872022,1,,,,
1872862,1,4,,1,
1872971,,4,,1,
1873309,1,,,,
1874456,,4,,,
1875227,1,2,,1,
1876073,1,,,,
1876437,1,1,,,
1877916,1,,,,
1878011,,3,,1,
1878386,,4,,,
1878739,1,1,,,
1878757,1,2,1,,
1878767,1,1,,,
1878873,1,1,,,
1879601,,1,,1,
1880792,3,1,,,
1881067,1,1,,1,
1881221,2,2,,,
1881878,,4,,,
1882608,1,2,,1,
1884310,,4,,1,
1885449,1,1,,2,
1885845,1,,,,
1886223,1,,,,
1886332,3,1,,,
1887960,,3,,1,
1888522,,3,,1,
1888932,2,1,,,
1892052,1,,,,
1894332,1,5,1,1,
1894382,1,1,,,
1895325,,2,,2,
1895524,,3,,1,
1896800,,3,,1,
1896938,,3,1,,
1897421,,4,,,
1898687,1,1,,,
1899948,,1,,,
1900553,1,1,,,
1900732,,2,,,
1901248,2,2,,,
1901312,2,2,,,
1902051,1,1,,,
1908870,,4,,1,
1909510,1,2,,1,
1910326,1,2,,1,
1911319,1,,,1,
1913151,,2,,,
1913230,1,1,,,
1914252,,4,,1,
1914294,,4,,,
1914983,2,2,1,,
1917362,,,,2,
1917703,,1,1,1,
1918131,2,2,,,
1918661,1,1,,,
1921098,,4,,,
1921226,,2,,2,
1923200,,2,1,,
1923814,,2,,,
1924040,,2,1,,
1924774,,2,,1,
1925454,2,3,,,
1926201,1,,,,
1927062,2,1,,,
1927569,2,,,,
1928065,1,4,,1,
1928474,1,1,,,
1929098,,4,,,
1929344,1,2,,1,
1929436,1,,,,
1929507,1,1,,,
1930241,1,1,,,
1933473,2,2,,,
1934263,,2,1,,
1934355,2,3,,,
1935932,1,,,,
1937352,1,3,,1,
1937732,1,,,,
1938527,2,2,,,
1938850,,3,,,
1939035,7,,,,
1939746,,2,,,
1939992,1,3,,2,
1940487,1,,,,
1940488,1,,,,
1940494,1,2,,2,
1940655,2,1,,,
1941296,1,1,,,
1941403,1,2,,1,
1941738,1,2,,2,
1942005,1,,,,
1942634,,3,,1,
1943074,1,1,,,
1943340,,3,,1,
1944156,1,4,,1,
1944257,,1,1,2,
1944403,1,1,,,
1944424,,3,,2,
1944610,1,2,,1,
1944684,,3,,1,
1944794,1,3,,,
1945065,2,2,,,
1945077,1,1,,2,
1945097,3,2,,,
1945139,1,1,1,1,
1945313,,3,,1,
1945400,,3,,1,
1946202,,2,,1,
1947159,,2,,1,
1948374,3,4,,,
1948682,,4,,,
1948973,1,,,,
1948988,,3,,1,
1949181,1,2,,1,
1949290,,4,,1,
1949472,,4,,1,
1949618,1,2,,,
1950097,,2,1,1,
1952834,1,,1,,
1952918,2,4,,,
1953320,,1,1,2,1
1954271,1,1,,,
1954752,1,1,,1,
1955969,,4,,1,2
1955971,,1,1,1,
1956175,,2,,2,
1956386,1,1,,,
1956805,1,1,,1,
1957388,,4,,1,2
1957659,,3,,2,1
1957708,1,1,,,
1958061,1,5,,1,1
1958270,,3,,1,
1958608,,2,1,1,
1958882,,3,,1,
1958996,2,2,1,,
1959085,2,4,1,,
1959299,1,3,,,
1961310,1,,,,
1961947,1,2,,1,
1963255,,3,,2,
1963568,,1,,,
1965490,1,3,,1,
1968282,1,4,1,1,
1969025,1,2,,,
1969099,3,2,,,
1969368,1,,,2,
1969535,,3,,1,
1969865,,4,,1,
1971548,,3,,,
1971570,1,,,2,1
1971764,2,1,,1,
1972964,1,,,,
1973920,,3,,,
1974828,1,2,,1,
1975329,,3,,,
1975485,,3,,1,
1976374,1,3,,1,
1977040,2,1,,1,
1977601,,3,,,
1977697,1,1,,2,
1977727,2,,,2,
1979042,1,1,,,
1979152,1,3,,2,
1979331,1,2,,1,
1979659,1,1,,,
1982010,,2,,,
1982045,,4,,1,
1982959,,4,,1,
1983660,1,,,,
1983959,3,1,,,
1985100,1,1,,,
1985332,1,3,,,
1986850,2,2,,,
1987903,,2,,1,
1988102,,2,,2,
1988195,,3,,,
1988387,,3,,2,
1988977,,3,,1,
1989144,,2,,1,
1990261,2,3,,,
1990508,1,4,1,2,1
1990959,,3,,2,2
1991030,1,2,,1,
1991205,,2,1,,
1991298,,3,,2,
1991864,1,2,,1,
1993361,1,1,,,
1993435,1,2,,1,
1993473,1,3,1,,
1993838,7,1,,,
1993947,1,,,1,
1993948,2,2,1,,
1993970,1,,,,
1994366,,3,,1,
1994490,,2,,2,
1995221,1,,,1,
1995319,1,1,,,
1995417,,3,,2,
1995650,,3,,2,
1995736,1,1,,,
1996037,1,,,,
1996125,,2,,2,
1996150,1,2,,1,
1997704,,2,,1,
1997834,,4,,,
1998301,1,2,,1,
1999950,1,1,,,
2000712,5,1,,,
2000787,1,,,,
2001022,1,1,,,
2001039,1,,,,
2001073,2,2,,,
2002167,2,2,,,
2002356,,4,,,
2002368,1,,,,
2002552,1,,,,
2002951,1,4,,,
2003150,,2,,,
2003162,2,3,,,
2003195,,4,,1,
2004259,2,2,1,,
2004480,,2,1,,
2004688,,2,,2,
2005864,,4,,1,
2007260,1,4,,1,
2008113,,2,1,1,
2008727,1,1,,,
2008931,1,1,,,
2009009,1,1,,,
2009092,,2,1,1,
2009163,,2,,2,
2009319,1,4,1,1,1
2009575,1,5,,1,1
2009868,,3,,,
2010419,,3,,2,
2010456,1,1,,2,
2010495,1,4,,1,
2010559,2,,,,
2010860,1,3,,,
2011176,,3,,,
2012300,1,1,,,
2013170,1,,,,
2015275,,3,,,
2016236,,2,,1,
2016506,,2,1,,
2017331,1,1,,,
2018559,,2,,1,
2020535,,3,,,
2025552,,4,,1,
2025947,,3,,,
2026096,1,2,,1,
2026120,1,1,,,
2026153,1,1,,2,
2026547,1,1,,,
2027203,,2,,2,
2027267,,3,1,,
2027632,1,1,,,
2027693,,2,,,
2027915,,3,,1,
2028461,1,2,,,
2028587,,3,1,,
2028655,1,2,1,,
2029491,2,2,,,
2029530,,2,1,,
2030206,2,3,,2,
2030575,1,1,,,
2030597,2,3,,,
2031198,9,2,,1,
2031312,1,1,,1,
2031862,1,4,1,1,
2032868,,3,,1,
2032965,1,2,,1,
2032983,2,1,,,
2034158,,3,,1,
2034229,1,1,,,
2035139,,4,,1,
2035826,,4,,,
2035903,,4,,,
2037233,1,1,,,
2038757,,3,,,
2039446,,3,,1,
2039548,,3,,1,
2039599,,4,,,
2039755,,4,,1,
2039910,2,2,,1,
2039937,,3,,1,
2040371,1,,,,
2040483,1,3,,,
2040839,1,1,,,
2044229,1,2,,,
2044294,1,2,,1,
2047160,2,2,,,
2047226,1,,,,
2049217,3,2,,,
2049381,2,2,1,,
2049964,1,2,,1,
2050429,,2,1,,
2051469,,2,,1,
2051658,1,2,,1,
2053578,1,,,,
2054059,,3,,2,
2054174,,4,,1,
2054761,2,3,,,
2054917,,4,,1,
2055531,1,,,,
2055913,1,5,1,1,1
2056243,2,2,,,
2056483,,2,1,1,
2056632,1,1,,,
2056954,1,,,1,
2058338,1,2,,,1
2058357,,1,,1,
2058631,,4,,,
2058646,1,1,,1,
2059684,,4,,1,
2059755,2,2,,,
2059766,1,1,,,
2060065,1,2,,1,
2061061,,4,,,
2061064,,3,,1,
2061449,2,2,,,
2063020,2,2,,,
2064796,,2,,2,
2065738,,3,,1,
2066534,,4,,,
2068721,,3,,,
2069213,2,2,,,
2070006,1,1,,,
2070027,2,2,1,,
2070700,1,1,,,
2070713,1,,,,
2071818,2,1,,,
2071936,1,1,,,
2072297,2,,,,
2073426,,4,,1,
2073497,1,1,,,
2074887,3,2,,,
2077572,2,1,,1,
2081199,2,1,,,
2081325,2,2,,,
2081328,1,1,,2,
2081729,,4,,,
2082281,,4,,,
2082777,,2,,1,
2083570,1,,,,
2085218,2,3,1,,
2086097,,3,,1,
2086144,,3,,,
2086378,1,,,,
2087757,,3,,1,
2088172,,4,,1,
2088738,1,1,,,
2088773,1,1,,2,
2089482,1,2,,1,
2090359,,4,,,
2090541,3,2,,,
2091172,1,2,,1,
2093394,2,3,,,
2093753,,4,,,
2094087,1,1,,2,
2094245,1,1,,,
2095401,2,4,1,,
2097909,,3,,,
2099179,3,,,,
2099808,1,2,,1,
2099977,1,2,,1,
2100061,,2,1,1,1
2100089,3,1,,,
2100178,5,1,,,
2100357,1,,,,
2101110,1,1,,,
2101410,1,,,1,
2101892,1,4,,1,
2102560,1,1,,,
2103367,1,5,,1,
2104721,1,1,,1,
2104877,1,1,,,
2105318,,4,,1,
2105560,2,1,,,
2105601,2,1,,,
2106565,,2,,1,
2107162,,4,,1,
2107282,,4,,,
2107417,,3,,1,
2109098,,4,,,
2110239,1,,,,
2112323,2,4,1,,
2112417,,1,,2,
2112650,1,,,,
2113855,1,1,,1,
2114179,,2,,1,
2114541,1,2,1,,
2116404,,4,,1,
2116734,2,2,,,
2117712,2,2,1,,
2118095,,4,,1,
2118563,1,1,,,
2118657,1,1,,,
2118699,,3,,,
2119211,,4,,1,2
2120124,1,1,,,
2120791,1,3,,1,
2121371,2,3,,,
2121410,1,2,,,
2121558,2,1,,,
2121652,,4,,,
2121772,,3,,1,
2122659,1,4,,1,
2123968,,3,,1,
2124111,,4,,,
2124457,1,1,,2,
2126067,1,1,,,
2126792,1,1,,,
2128331,2,2,,,
2128789,2,3,,,
2130198,1,2,,,
2131228,,3,1,,
2132001,1,4,,,
2133765,,4,,,
2135082,1,,,,
2135095,,4,,,
2135115,1,2,,1,
2135473,2,2,,,
2136488,,2,1,,
2137930,3,3,,2,
2139075,1,3,1,,
2139195,,4,,,
2139844,,4,,1,1
2140168,2,3,,,
2140372,1,1,,,
2140373,2,1,,,
2140387,,3,,1,
2140568,1,5,1,1,
2141475,3,1,,,
2142866,1,,,,
2144293,2,3,,,
2144881,,3,1,,
2146477,1,2,,1,
2146582,1,5,1,1,
2146703,1,3,,,
2149715,,3,,,
2149926,1,1,,,
2149955,1,3,,1,
2150818,,4,,1,
2151032,,4,,1,
2151599,1,1,,,
2152507,2,,,,
2152898,,4,,1,
2152954,2,2,,,
2153251,1,,,,
2154305,1,1,,1,
2154716,2,1,,,
2155350,1,6,1,,
2155482,,3,,2,
2156231,1,1,,,
2156822,1,3,,,
2157048,,3,,1,
2157458,1,1,,,
2159086,,2,,1,
2159664,1,,,1,
2161730,,2,,1,
2161798,,3,,1,
2163240,,3,,1,
2164233,1,2,,1,
2164901,2,3,,,
2166324,2,3,,,
2168507,1,1,,2,
2169001,2,2,,,
2169780,1,,,,
2170496,1,1,,1,
2170755,,3,,1,
2171114,,2,1,1,
2171245,1,,,,
2171389,,4,,1,
2172572,6,2,,,
2173134,2,3,,,
2173151,1,4,,1,1
2176246,,3,,2,
2176459,1,2,,1,
2176678,2,3,,,
2176679,1,4,,1,
2176895,,2,1,1,
2177099,,4,,1,2
2177370,,2,1,1,
2177411,1,4,,1,1
2177890,1,3,,1,1
2177893,,4,,1,
2178034,,3,,1,
2179026,1,3,,,
2179542,,2,,1,
2179798,,2,,,
2179998,1,1,,,
2181125,1,,,,
2181136,1,2,,1,
2182189,2,2,,,
2182812,1,1,,2,
2183058,1,,,,
2183059,1,1,,2,
2183359,1,,,,
2183383,1,1,,1,
2184384,1,2,,1,
2185542,1,4,,1,
2185608,2,1,,,
2185614,,3,,2,2
2186050,1,1,,,
2186579,,2,,1,
2186689,,4,,,
2186795,,4,,,
2186843,1,2,,1,
2187951,1,4,,1,
2188232,1,2,,1,
2188308,2,3,,,
2190964,,5,,,
2191509,,2,1,1,
2192068,,3,,,
2192312,1,2,,1,
2192538,1,2,,,
2193043,,3,,1,
2193591,1,2,1,,
2194918,2,2,,,
2195026,1,2,,1,
2195157,,3,,,
2195522,,2,,1,
2196225,,4,,,
2196841,1,1,,,
2196950,1,,,,
2197977,2,1,,,
2198557,,3,,1,
2199075,3,1,,,
2199240,1,1,1,,
2199242,1,4,1,1,
2199356,1,1,,,
2199458,,3,,2,
2199527,2,2,,,
2200099,1,,,1,
2200799,2,2,,1,
2201135,1,2,,,1
2203098,,2,,1,
2204441,,3,,2,2
2204534,,4,,1,
2204949,,4,,,
2205225,1,2,1,,
2205388,1,,,,
2205417,1,1,,,
2205521,1,1,,,
2208365,,4,,1,
2209281,,1,,,
2210210,2,2,,,
2210487,2,3,,,
2210589,,2,,1,
2212727,1,,,,
2212835,1,4,,,
2213532,1,2,1,,
2213680,1,,,,
2213792,,2,1,1,
2213852,,2,1,1,
2213967,1,2,,1,
2214098,,2,,,
2214240,1,1,,,
2216407,1,2,,1,
2216787,,4,,,
2216863,1,1,,,
2216864,2,3,,,
2217102,1,3,,,
2217117,1,4,,,
2217290,1,1,,,
2218205,1,4,,1,
2218264,2,4,1,,1
2220123,2,2,,,
2220828,1,,,,
2222037,,4,,,
2225627,1,1,,,
2226180,1,,,,
2226434,2,3,,,
2226473,1,1,,,
2227586,1,2,,,
2229006,,1,,1,
2229539,,2,,2,
2230202,1,1,,,
2231001,,1,1,2,
2232593,2,2,,,
2234487,,3,,,
2234900,1,2,,,
2235653,,3,,1,
2236517,1,4,,1,
2237708,1,1,,1,
2237776,,3,,,
2237795,,2,,1,
2238510,1,,,,
2238599,,3,,,
2239182,2,2,,,
2239226,2,1,,,
2241683,2,3,,,
2243252,1,4,,1,
2243413,,2,,1,
2243541,1,3,,,
2243625,2,2,,,
2245778,,4,,,
2246156,1,4,,,
2247044,1,,,,
2247500,,1,,,
2248918,2,3,,,
2249306,,3,1,,
2249758,,3,,2,2
2250034,,4,,1,
2250130,,4,,1,
2252309,1,1,1,,
2252600,2,,,,
2253669,,5,,,
2253852,1,2,1,,
2254020,1,2,,1,
2255914,2,2,1,,
2255946,1,,,,
2257655,3,2,,,
2258268,,4,,1,
2258426,,2,,2,
2259868,1,4,1,,1
2260943,1,4,,1,
2262440,1,,,,
2262694,1,1,,,
2263530,,3,,1,
2264518,1,1,,,
2265051,2,2,,,
2265114,1,1,,,
2265319,,4,,,
2265542,1,1,,,
2265601,2,3,1,1,
2265765,1,1,,,
2267275,1,1,,,
2268673,,3,,1,
2270197,,3,,2,
2270224,1,1,,,
2270819,1,1,,,
2271043,1,2,1,,
2273376,,5,,,
2273448,,2,,,
2274399,1,1,,,
2274520,,4,,,
2274958,,4,,,
2275185,,4,,,
2276194,1,3,,2,
2276216,2,3,,,
2277516,1,1,,,
2277705,1,1,,2,
2277753,1,1,,1,
2278251,,3,,,
2278469,,2,1,,
2278780,1,,,,
2280726,1,3,,,
2281537,3,,,,
2281702,1,2,1,,
2282563,1,2,,1,
2283264,2,3,,,
2283571,,2,,2,2
2285781,1,1,,,
2286232,1,1,,1,
2286307,,2,,2,
2286508,,4,,,
2289269,1,1,,1,
2289473,,4,,1,1
2289669,1,1,,,
2290455,1,3,,2,2
2292536,1,4,,1,
2292862,,3,,,
2293679,1,,,,
2294479,1,2,1,,
2294554,1,,,,
2295070,1,1,,,
2295460,,2,,1,
2296757,1,2,,1,
2297370,1,2,1,,2
2297372,,4,,,
2298705,,4,,,
2300092,1,,,1,
2300251,1,,,,
2300310,,5,,,
2301918,,3,,1,
2303808,2,2,,,
2304001,2,2,,,
2304210,2,1,,,
2306277,1,1,,,
2307100,,1,,,
2308476,1,2,,1,
2309149,,3,1,,
2309158,1,2,1,,
2309296,1,3,,1,
2310751,2,,,,
2312701,,4,,,
2313328,,2,,2,
2314007,1,5,1,1,
2314296,1,1,,,
2315172,1,,,,
2315502,1,4,,1,
2316103,1,3,1,,
2317100,,2,1,1,
2317399,,3,,1,
2320253,1,,,,
2320425,2,1,,,
2321370,,3,,,
2322825,,3,,,
2323919,1,2,,1,
2324072,,3,,,
2324754,1,1,,1,1
2324960,,4,,,
2326090,,4,,,
2326374,,3,,1,
2327193,1,2,,1,
2327761,,2,,1,
2328946,1,1,,,
2330468,1,,,2,1
2330767,,2,,2,
2331452,1,1,,,
2331559,1,2,,1,
2332171,2,3,,,
2333200,,4,,,
2333695,,3,1,,
2333856,,2,,1,
2334242,1,3,,,
2335576,1,3,,1,
2336592,,4,,,
2339043,2,3,,,
2339354,1,,,,
2339421,1,2,,1,
2340356,1,2,,1,
2340635,,3,,1,
2340857,1,2,1,,
2342642,1,2,,1,
2342654,,3,,1,
2342659,1,1,,,
2342669,1,,,,
2342672,2,3,,,
2342940,2,2,,,
2344302,1,2,,,
2344833,1,1,,,
2345799,,4,,,
2346810,1,,,,
2346832,,2,1,1,
2347982,1,1,,1,
2348260,1,1,,,
2349780,1,2,,,
2351295,,2,,1,
2352770,,3,,,
2355057,,3,,,
2355221,2,1,,,
2356032,1,1,,,
2356086,1,4,,1,
2356979,,3,,1,
2359058,,5,,,
2359069,1,1,,,
2359211,2,3,,,
2359763,,4,,,
2360336,1,4,1,1,
2361818,2,,,,
2362404,1,1,,2,
2362800,,2,1,,
2362991,,5,,,
2365938,1,1,,,
2366622,1,1,1,,
2367528,1,2,,1,
2368041,2,2,,,
2368578,,3,,1,
2368588,,4,,1,
2369331,1,1,,1,
2369758,,2,,1,
2370187,2,1,,1,
2370565,,4,,,
2370791,1,2,,1,
2372257,1,3,,1,
2373346,,3,,1,
2374576,1,3,,1,
2374679,2,3,,,
2376084,,3,,1,
2376209,1,1,,2,
2377157,1,1,,,
2377378,,4,,,
2377492,,2,,2,
2377720,1,3,1,,
2377782,1,,,,
2377932,,3,,1,
2378912,1,2,1,,
2380125,1,,,,
2380562,1,3,,2,
2380936,1,2,,1,
2381599,2,3,,,
2381613,2,3,,,2
2382463,1,1,,,
2385498,1,4,,2,
2386115,,2,,,
2386667,,3,,1,
2387074,,3,,2,
2389121,1,1,,,
2390522,,2,,1,
2390550,1,1,,1,
2392640,,2,1,1,
2393838,1,1,,,
2394601,2,2,,,
2395179,1,1,,,
2395273,1,3,,,
2395649,1,1,,,
2395693,1,1,,,
2395796,1,1,,,
2395934,,3,,,
2396977,,3,,,
2397140,,4,,,
2397764,1,1,,2,
2397942,1,1,,,
2398400,2,1,,,
2399264,1,2,1,,
2400424,,3,,1,
2400497,2,4,,,
2400835,2,3,,,
2401170,1,2,,,
2401417,1,2,,1,
2402830,,4,,1,
2405981,1,1,,,
2407136,,3,,,
2407460,1,2,,1,
2407952,3,3,1,1,
2408011,,4,,,
2408117,,4,,,
2408653,1,2,,1,
2408828,,4,,1,
2408829,1,4,,1,1
2409236,,4,,,
2409244,1,1,,1,
2409446,1,1,,,
2409716,1,2,,,
2410034,,2,,2,
2410488,1,1,,,
2411060,,3,,,
2411545,,3,,1,
2413116,1,2,,,
2416740,1,4,,1,
2417731,2,2,,,
2418744,1,1,,1,
2419364,,2,,,
2420134,2,2,,1,
2420262,,2,,1,
2421828,1,2,,1,
2422347,1,,,,
2422442,,3,,,
2422479,1,3,,,
2423063,,5,,,
2423786,,4,,,
2423910,1,2,,1,
2424707,,1,,,
2425337,1,5,,1,1
2425524,,3,,1,
2425558,1,,,1,
2425628,,1,1,,1
2429571,2,2,,,
2429809,2,2,,,
2430533,2,2,,,
2431633,,3,,2,
2431722,,3,,1,
2432410,1,1,,,
2432443,1,4,,1,1
2432480,,4,,,
2434585,,,,1,
2434704,,3,,1,
2437111,1,2,,1,
2437431,2,2,,,
2437979,2,3,,,
2438681,1,,,,
2438767,,3,,1,
2438861,1,2,,1,
2443472,1,1,,,
2444154,1,1,,,
2444374,,4,,,
2444393,1,,,,
2445186,,3,1,1,
2445984,1,,,,
2446761,1,1,,,
2446807,1,,,1,
2447115,1,1,,,
2448317,1,2,,1,
2448576,1,2,1,,
2448622,1,1,1,,
2448831,1,2,,1,
2448901,1,1,,,
2449409,1,4,,1,1
2449873,,3,,1,
2450661,,1,,,
2450665,2,3,,,
2450956,,2,,2,
2451209,1,1,,,
2451221,1,,,,
2451358,,3,,,
2451815,1,1,,1,1
2452609,2,1,,,
2452645,,2,1,1,
2452758,2,3,,,
2452826,1,2,,1,
2454368,,3,,2,
2454501,1,4,,1,
2458223,,4,,,
2459174,2,3,,,
2459211,1,,,,
2459365,1,,,,
2459790,2,5,1,1,
2460526,2,2,,,
2460527,1,2,,1,
2461878,1,,,,
2462431,2,3,,,
2462782,1,2,,,
2463796,1,1,,,
2463934,1,1,1,1,
2464003,,2,1,,
2464098,1,2,,1,
2464674,,3,,1,
2464736,,4,,1,
2465008,3,1,,,
2465336,2,1,,,
2465404,1,4,,,
2465415,1,1,,,
2467203,1,,,,
2467720,1,1,,,
2468569,1,2,,1,
2468775,2,1,,1,
2469649,1,2,,1,
2469671,1,,,,
2469915,1,1,,,
2474361,1,1,,,
2475164,,4,,1,
2475429,,2,,1,
2477040,,4,,,
2478130,2,3,,,
2478829,2,3,,,
2479737,2,2,,,
2480204,1,1,,,
2480415,1,1,,1,
2480722,2,2,,,
2480799,1,,,,
2481452,,4,,,
2481798,,2,,1,
2482962,,4,,1,
2482971,,3,1,,
2483318,1,3,,,
2483997,1,2,1,1,
2484120,3,2,,,
2484302,1,1,,1,
2484375,1,3,,1,1
2484404,,3,,1,
2485944,,1,,,
2486001,1,2,,1,
2488549,2,3,,,
2488834,1,1,,2,
2488961,1,1,,,
2489423,1,2,,1,
2490476,2,2,,,
2491323,1,4,,1,1
2491690,,2,1,1,
2494226,1,1,,,
2494774,2,1,,,
2496182,,2,,1,
2496605,1,1,,,
2496855,1,2,,2,
2496934,,2,,1,
2497167,,3,,1,
2497308,,3,,1,
2497849,,2,,2,
2497864,2,1,,1,
2497892,1,2,1,,
2498714,,3,,1,
2498745,1,,,,
2501690,1,4,,1,1
2504449,,4,,1,
2504504,1,,,1,
2504716,,1,,1,
2506474,2,2,,,
2509951,1,2,1,,
2510535,,3,,2,2
2511288,,3,,1,
2511763,,3,,,
2512554,2,3,,,
2513004,2,2,,,
2513265,2,2,,,
2513340,2,3,,,
2513583,1,2,,1,
2513738,,2,,2,
2514248,1,,,,
2514590,1,2,,1,
2516150,1,,,1,
2516330,1,,,,
2516888,1,2,,1,
2517358,1,,,,
2517911,,4,,1,
2518965,1,1,,1,
2519240,1,,,,
2521009,,4,,1,
2521022,,4,,1,
2521333,1,2,1,,
2521844,1,2,,1,
2522676,1,1,,,
2523976,,4,,1,2
2524658,,3,,,
2525024,1,1,,,
2525330,1,4,,1,
2525479,1,1,1,1,
2526252,,4,,,
2526319,,2,,2,
2526537,1,1,,1,
2527676,,4,,1,
2528054,1,4,,,
2528128,,2,,,
2528422,,2,,1,
2535393,1,1,,,
2536346,1,,,,
2536446,1,2,,1,
2536450,1,1,,,
2536453,1,1,,,
2536716,1,2,,1,
2537105,,1,,,
2537182,1,2,,,
2537404,,2,1,1,
2538363,,3,,2,2
2538850,1,2,,1,
2539058,,4,,1,
2540781,1,2,,1,
2540848,,4,,,
2541509,,3,,1,
2542689,,3,,1,
2542739,1,1,,2,
2542895,1,4,,1,
2542991,,1,1,2,
2544751,1,1,,2,
2545237,,3,1,,
2545723,2,3,,,
2547426,,4,,1,
2547976,,2,,2,
2548625,1,,,,
2549032,1,1,,,
2550718,1,2,,1,
2551166,,4,,1,
2552072,,2,,1,
2552252,,3,,1,
2552628,,2,1,,
2552896,1,2,,1,
2553083,1,1,,,
2554700,1,1,,,
2556641,1,4,,1,1
2556873,1,1,,1,1
2557084,1,3,,,
2558694,,4,,,
2560425,,3,,1,
2561168,,3,,1,
2564363,,3,,1,
2565354,1,1,,,
2565897,2,3,,,
2566732,1,1,,,
2567206,1,1,,,
2567580,1,,,,
2567609,,3,,1,
2567688,,3,,1,
2568127,1,1,,2,
2568285,1,,,,
2573047,,5,,,
2573077,,3,,1,
2573115,,3,,1,
2573553,1,3,,2,
2573564,1,1,,2,
2574037,1,,,,
2574641,2,2,,,
2574943,2,1,,,
2576084,1,1,,1,
2576521,1,2,,1,
2577658,1,,,,
2577993,2,2,,,
2578398,,2,1,1,
2578697,2,1,,1,
2580375,2,3,,,
2581274,1,3,,,
2581407,1,1,,1,
2581636,1,2,,,
2581646,,2,1,1,
2581715,1,2,,1,
2583066,1,6,1,,
2583355,,2,,,
2584198,,5,,,
2584318,,3,,1,
2584419,1,1,,,
2584808,1,1,,2,
2584840,2,3,,,
2585716,1,,,,
2585997,2,3,,,
2586862,,4,,,
2587030,,2,,2,
2587139,2,1,,1,
2590412,1,1,,,
2592550,2,1,,1,
2593550,,3,,,
2594564,1,2,,1,
2594788,,4,,,
2594821,,4,,,
2595092,1,,,,
2595356,,5,,,
2595498,1,1,,,
2595720,,3,,2,
2596112,1,1,1,1,
2597244,1,3,,1,
2597296,1,2,,1,
2598168,1,1,,2,
2598265,1,4,,1,
2598311,1,1,,2,
2598431,,2,1,1,
2598883,1,,,2,
2600483,1,,,,
2600942,2,2,,,
2601197,,2,,,
2602709,1,1,,,
2603687,1,1,,,
2604971,,4,,,
2606007,,2,,1,
2608548,1,1,,,
2608724,,4,,,
2608918,1,1,,2,
2609080,,3,,1,
2609272,,2,,2,
2609314,1,,,,
2609625,,3,1,,
2611369,1,2,,1,
2611551,1,4,,1,
2611854,1,1,,,
2611950,2,2,1,,
2612630,1,2,,,
2612988,,2,,,
2613740,1,,,1,
2614338,1,2,,1,
2614434,1,1,,,
2614903,1,1,,,
2615102,,3,,1,
2615542,3,2,,,
2617982,2,2,1,,
2619157,1,4,1,1,
2619567,1,3,,1,1
2620096,1,1,,,
2620368,1,3,,1,
2620734,2,3,,,
2621138,,3,,1,
2624739,1,,,,
2627326,,2,1,1,
2627917,1,2,,1,
2630231,1,4,,1,
2630259,1,3,,2,
2630789,2,3,,,
2632037,1,1,,2,
2632393,1,1,1,,
2632498,,4,,,
2632706,2,1,,,
2634413,1,1,1,,
2637198,,3,,1,
2640524,2,1,,,
2641517,,4,,1,
2641922,1,,,,
2642191,2,1,,1,
2644734,3,2,,,
2645450,1,,,,
2646003,2,3,,,
2646370,1,1,,,
2648371,1,1,,,
2649912,2,3,,,
2650281,,4,,1,
2650615,1,1,,,
2651111,,3,,1,
2651441,,3,,1,
2654052,,1,,,
2654150,1,2,,1,
2654945,,3,,2,
2654972,2,1,,,
2655952,1,1,,,
2660420,1,,,,
2660475,2,2,1,,
2661126,,3,,,
2661551,,3,,2,
2662526,,1,,,
2663246,1,4,,,
2663363,,3,,,1
2663674,,3,,1,
2667206,1,2,,,
2667874,,4,,,
2668725,,,1,1,
2672115,2,2,2,1,
2672179,,4,,1,
2673109,1,1,,,
2673638,1,1,,,
2674007,1,2,1,,
2675164,,2,,1,
2675200,,3,,1,
2675635,2,3,,,
2675866,1,5,,1,1
2678504,,4,,1,
2678920,,3,,1,
2679119,1,,,1,
2681412,1,,,,
2681457,1,3,,,
2681565,,3,,1,
2681873,1,1,,,
2682020,1,2,,1,
2682585,1,,,,
2683856,,2,,1,
2683992,,3,,1,
2684429,2,3,,,
2684936,1,1,,,
2686054,,3,,,
2686580,,3,,1,
2686698,1,4,,1,
2686994,,3,,,
2687710,,4,,1,
2688927,1,1,,1,
2689102,,5,,,
2691082,1,,,,
2692695,1,1,,,
2694275,2,2,,,
2694908,2,2,,,
2695641,1,2,,1,
2695787,1,2,,1,
2696478,1,2,,1,
2696569,,3,,,
2697379,,3,,,
2697547,1,1,,,
2699044,1,1,,,
2700913,,3,,,
2701392,1,3,,,
2701879,1,2,,1,
2701914,1,4,,1,
2702442,1,2,,1,
2702565,,3,,1,
2702568,1,,,,
2702949,2,3,,,
2704645,,4,,,
2705342,,3,,1,
2705382,,2,,2,
2706477,1,4,,1,
2706616,1,3,,1,
2706617,,2,,2,
2706685,1,2,,1,
2706738,1,1,,2,
2706960,1,4,,1,1
2707019,,4,,,
2707032,1,,,2,
2707817,1,2,,1,
2707899,,4,,1,
2708535,,2,,1,
2708616,,1,1,2,
2708721,,4,,1,
2708735,,3,,1,
2709120,,4,,1,
2709176,,3,,1,
2709376,,3,,1,
2709419,,2,,1,
2709847,1,1,,2,
2709932,,3,,1,
2711128,,3,,1,
2711935,2,3,,,
2712056,,4,,1,
2712351,1,1,,,
2712710,1,,,,
2713493,2,2,,,
2714174,,3,,,
2714188,1,1,,,
2715013,1,2,,1,
2716669,1,2,,1,
2717396,1,,,,
2717907,1,1,,,
2718227,,3,,1,
2718818,2,2,,,
2718931,,3,,1,
2719718,1,1,,,
2719913,,3,,1,2
2720392,,4,,,
2720443,2,6,,1,
2720837,2,1,,,
2720848,,3,,,
2721011,1,,,,
2721384,1,1,,1,1
2721617,2,2,,,
2723223,,4,,1,
2723895,1,3,,1,
2724511,1,3,,,
2726322,1,1,,,
2727400,,4,,1,
2728973,,4,,1,
2729852,,3,1,,
2730278,1,1,,,
2730792,1,2,,1,
2731179,,4,,1,
2732327,1,,,1,
2732375,,1,,2,
2732445,2,1,,,
2732941,1,1,,1,
2733265,1,2,,1,
2733430,1,4,,1,1
2733436,1,2,,1,
2734041,1,1,,,
2734156,,5,,,1
2734190,,2,,2,
2734409,1,3,,1,
2735197,,2,,2,
2735299,1,2,,1,
2738688,,3,,1,
2739439,,4,,,
2740101,3,,,,
2741632,3,1,,,
2741776,2,2,,,
2741916,1,2,,1,
2742894,1,3,,,
2743353,1,,,,
2743668,1,2,,1,
2743883,1,4,,,
2743975,,3,,1,
2744260,1,2,,,
2744261,1,1,,2,
2746061,1,1,,,
2746866,1,5,,1,
2746907,1,1,,1,1
2747668,,3,,1,1
2747676,1,,,,
2747759,,4,,,
2747775,,3,,,
2747830,,2,1,1,
2747956,,1,,,
2748171,1,1,,,
2749971,,3,,1,
2750292,,3,,1,
2750875,1,3,,1,1
2751285,2,2,1,,
2754247,1,,,,
2755413,1,,,,
2755940,1,,,,
2756989,,3,,1,
2757174,2,2,,,
2757698,,3,,,
2758314,1,2,,1,
2758947,,2,,2,
2759436,,4,,,
2759477,,4,,,
2759846,1,4,,1,1
2759990,,2,,1,
2760101,,4,,,
2760358,,2,,2,
2760549,,3,,1,
2760603,1,2,,1,
2760681,1,2,,1,
2761223,1,,,,
2761667,,2,1,,
2761970,1,1,,,
2764695,,4,,,
2764749,,2,,2,
2764756,1,,,,
2764779,1,1,,,
2764870,3,3,1,1,
2764927,2,,,,
2764940,1,1,,,
2764972,,3,,1,
2764976,,3,,,
2764986,2,2,,,
2765885,,3,,,
2766645,1,2,,1,
2768291,2,1,,,
2768448,2,2,,,
2768532,,2,1,1,
2768664,,3,,,
2768786,1,1,,,
2770710,,1,,1,
2772139,1,1,,1,
2772289,1,1,,2,
2772877,1,2,,1,
2774163,,4,,,
2774729,1,,,,
2774762,1,,,,
2774961,1,2,,1,
2775045,1,,,,
2775548,,4,,,
2775761,1,1,,2,
2775890,,1,,1,
2776372,1,3,1,,
2776701,,2,,1,
2776711,2,1,,1,
2776727,,3,,1,
2777441,2,2,,,
2778452,,3,,1,
2780121,,1,,2,
2780613,1,,,,
2782624,,3,1,1,
2783732,,2,,2,
2789382,1,3,,,
2789576,1,2,,1,
2789625,,3,,2,
2790101,1,1,,,
2790295,1,1,,,
2790523,,3,,1,
2791042,1,1,,,
2791407,2,3,,,
2791905,1,1,,2,
2792066,,3,,,
2792279,,3,,,
2792295,,2,,1,
2792381,1,1,,,
2792482,,3,,,
2792869,,3,,1,
2793027,,4,,,
2793201,1,1,,,
2794171,1,2,,1,
2795169,1,1,,,
2798176,1,1,,,
2799744,2,2,1,,
2799849,,4,,,
2800778,,3,,,
2801164,2,1,,,
2801896,1,,,,
2802156,,3,,1,
2802200,1,4,1,1,
2802425,,4,,1,1
2802790,1,,,,
2803480,,3,,1,
2803835,1,1,,,
2803873,1,1,,1,
2804273,1,5,1,1,
2805674,1,1,,,
2805694,,3,,1,
2805796,1,1,,,
2806095,1,,,,
2806371,,3,,,1
2806849,1,2,,1,
2807905,1,,,,
2808160,1,1,,1,
2809218,1,1,,,
2809564,1,,,,
2812407,1,2,,1,
2813350,1,4,,,1
2813746,1,1,,,
2813837,1,4,,,
2815064,,4,,,
2815129,,2,,1,
2815789,2,,,,
2816545,,4,,1,1
2816749,1,,,2,
2817170,1,1,,,
2817211,2,2,,,
2817258,1,1,,,
2817740,1,4,,,
2817769,1,1,,,
2817798,,3,,1,
2817843,,4,,,
2818059,,3,,1,
2818092,,3,,,
2818262,,2,,,
2818305,1,2,,1,
2818409,,4,,,
2818461,2,3,,,
2818462,,2,1,1,
2818744,2,2,,,
2818775,,3,,2,1
2819386,1,,,,
2819776,1,,,,
2820768,,3,1,1,
2820940,1,2,1,,
2821407,,5,,,1
2821874,,2,1,2,
2822349,1,2,,1,
2822523,1,2,,1,
2823106,1,1,,,
2823384,1,1,,,
2823508,,3,,1,
2825805,1,,,,
2826673,2,2,,,
2828007,1,1,,1,1
2830056,1,1,1,1,
2830135,,2,1,1,2
2830394,,4,,1,
2830829,2,3,,,
2831109,,2,,2,
2831541,1,2,,1,
2832471,1,2,1,,
2832526,,3,,1,
2832633,,4,,1,
2833166,1,1,,,
2833218,1,1,,,
2833287,1,2,,1,
2834269,1,2,,1,
2835310,,2,1,,
2835573,1,,,1,
2837149,2,4,,,
2838818,2,,,,
2841578,1,,,,
2841656,1,2,,1,
2841916,,4,,,
2842238,,4,,,
2843428,1,4,,1,
2843451,2,2,,,
2844051,1,3,1,,1
2844245,2,2,1,,
2844622,9,1,,,
2845144,,4,,1,
2845896,1,1,,,
2846436,,4,,,
2846536,,3,,,
2846561,1,2,,1,
2846766,,3,,2,
2846821,,3,,1,
2847514,1,1,,,
2848182,1,,,,
2848259,1,4,,1,
2850272,1,,,1,
2853241,1,,,,
2853704,2,4,,,
2856334,1,1,,,
2857083,1,2,,1,
2857387,1,,,,
2857593,,4,,1,2
2857810,,3,,1,
2857844,,5,,,
2858306,,4,,1,
2859714,2,2,,,
2860570,1,1,,,
2860928,1,1,,1,
2860990,,3,,1,
2861045,1,1,,2,
2861112,1,4,,,2
2861142,1,2,,1,
2861793,1,4,,1,1
2861867,2,3,,1,
2861904,1,1,,1,1
2861939,1,1,,2,
2862327,,4,,1,
2863379,1,3,,,
2863685,1,1,,2,
2863772,1,2,,1,
2864163,1,2,,,
2864180,,1,,1,
2867661,1,3,,,
2867860,,4,,,
2868441,,3,,1,
2869064,1,,,,
2869586,1,1,,,
2869641,,3,1,,
2869716,1,,,,
2870189,1,1,,,
2871329,,2,,1,
2871780,1,2,,1,
2871864,2,2,1,,
2872682,2,1,,,
2872700,1,1,,,
2872710,1,,,,
2873129,,2,1,1,
2873239,1,2,,1,
2873305,1,1,,,
2873670,1,1,,,
2873812,,4,,,
2874165,,4,,1,
2874173,1,2,,1,
2874318,1,2,1,,
2874599,1,1,,,
2874973,,2,,,
2875056,1,2,,1,
2875201,,3,,1,
2875361,1,3,1,2,
2876020,,2,,2,
2876041,1,1,,,
2876842,1,,,,
2877849,,3,,1,
2878406,1,5,1,1,
2878471,,5,,,
2881805,2,3,,,
2881906,2,2,1,,
2882990,1,3,,2,
2883139,1,2,,1,
2885086,,4,,1,
2885605,2,3,,,
2886032,,1,,,
2887289,1,2,,2,1
2887646,2,2,,,
2888288,1,2,1,,
2888921,2,3,,,
2889936,,2,,2,2
2890213,1,2,,1,
2890232,,3,,1,
2890251,2,3,,,
2890359,,3,1,,
2890749,,2,1,,
2891468,1,4,,1,
2891475,1,1,,,
2891478,2,1,,,
2891793,1,2,,1,
2892084,1,,,,
2892251,1,,,,
2892379,1,2,,1,
2892799,,3,,1,
2894217,1,1,,,
2898157,2,2,,,
2898178,2,2,1,,
2898421,,2,1,1,
2898748,1,1,,1,
2899153,1,,,,
2899540,2,2,,,
2900026,,3,,,
2900528,,3,,,
2900598,1,,,,
2901170,1,1,,,
2902390,,3,,,
2902716,,3,,,
2903087,2,2,,,
2903474,1,2,,1,
2903728,1,2,,,
2904625,1,2,,1,
2905286,1,,,,
2905418,1,,,,
2905557,1,2,1,,
2906363,2,5,1,,
2906549,,4,,1,
2906924,1,1,,,
2906941,,4,,,
2907052,,3,,1,
2907344,2,1,,,
2907894,1,4,,1,
2908307,1,1,,1,
2908417,1,3,,1,
2908745,1,1,,,
2911383,2,1,,,
2912597,1,,,,
2912909,1,1,,,
2913963,1,,,,
2914547,,3,,2,
2914859,1,1,,2,
2914904,1,,,,
2915109,1,,,,
2915166,2,3,,,
2915289,1,2,,1,
2915650,2,2,,,
2915867,1,2,,1,
2916067,1,2,,1,
2916225,1,2,,1,
2916308,,3,,,
2916389,1,2,,1,
2916396,,4,,,
2917364,,3,,1,
2917746,1,,,1,
2918369,,4,,1,
2918619,2,3,,,2
2919345,1,1,1,1,
2919581,1,1,,,
2919591,1,2,,1,
2919727,1,2,,1,
2920004,2,4,,,
2920178,,4,,,
2920310,1,2,1,,
2920482,,4,,,
2920531,,1,,2,
2920565,1,1,,2,
2920768,1,2,,1,
2921340,,4,,1,
2921625,1,5,1,1,
2921662,1,1,,,
2922020,2,3,,,
2925556,2,3,,,
2925784,1,1,1,,
2927605,1,4,,1,
2929324,2,1,,,
2929363,1,1,,,
2929430,1,1,,,
2929479,,4,,,
2929761,,3,,,
2929789,,3,,1,
2930793,1,1,,,
2930809,1,,,1,
2931104,1,1,,,
2931595,1,1,,,
2932139,1,4,,1,1
2932265,1,1,,,
2933145,2,3,,,
2934586,,4,,,
2934916,,1,,1,
2934924,1,,,,
2934961,,4,,1,1
2936022,1,4,,1,
2936048,1,2,,2,
2936180,1,,,,
2936358,1,1,,1,1
2936534,6,2,,1,
2936782,1,,,,
2936889,1,5,,1,
2937178,1,,,,
2937197,,4,,,
2937457,1,,,,
2940579,2,1,,,
2941491,1,2,,1,
2942215,,3,,,
2942238,,3,,,
2942717,1,2,,,
2943242,1,1,,,
2943648,1,2,,1,
2943880,,2,,1,
2943904,2,1,,,
2944011,,3,,,
2944668,1,1,,,
2945992,,3,,,
2946010,2,3,,1,
2946138,2,3,,,
2946931,,4,,,
2948035,,3,,1,
2948363,1,5,,1,
2948774,1,1,,1,1
2949254,1,,,,
2949361,,2,,1,2
2949641,2,1,,,
2949779,,4,,1,1
2949890,2,4,1,1,
2950294,1,1,,,
2950391,1,,,,
2950455,1,5,,1,
2950645,1,,,1,
2951202,2,,,,
2951498,1,1,,2,
2951563,,3,1,,
2951639,1,2,,1,
2951928,2,2,,,
2951983,,4,,,
2951995,1,4,,1,
2952048,1,1,,2,
2952053,,2,,1,
2952196,1,1,1,1,
2952651,1,,,2,
2952678,,3,1,,
2952869,,3,,,
2953904,1,2,,1,
2953991,1,2,,,
2954466,,3,,1,
2954645,1,2,,1,
2954797,1,1,,,
2954999,,2,,1,
2955009,1,,,,
2955116,1,1,,,
2955320,,4,,,
2956069,1,2,1,,
2956406,,3,,2,
2956484,1,2,1,,
2957959,2,2,,,
2958341,1,1,,,
2958574,1,3,1,2,1
2958812,1,,,,
2959475,1,,,1,
2960532,,4,,,
2963814,,2,,1,
2964028,,3,,,
2964726,,1,,,
2965178,,4,,,
2965228,,2,,2,
2965826,1,1,,,
2966513,,2,,2,
2967420,1,4,1,,
2967526,1,2,,2,1
2967950,,4,,,
2968301,,2,1,,
2970888,2,1,,,
2972208,2,4,,1,
2973079,1,,,,
2976835,1,,,2,
2979152,1,3,,1,
2979933,1,1,,,
2981662,2,3,,,
2981881,,3,,,
2982302,1,2,,1,
2982474,,4,,,
2982947,2,3,1,1,
2983542,1,,,,
2987555,1,,,,
2987902,1,1,,,
2989302,2,3,,,
2990846,2,,,,
2990920,2,1,,,
2992140,,3,1,,
2992306,1,,,,
2992337,,4,,,
2992614,1,,,,
2992881,2,1,,,
2993161,1,2,,1,
2993168,,4,,,
2993176,,3,,,
2993541,1,1,,,
2993695,1,2,,1,
2994075,1,3,1,,
2994076,1,4,,1,
2994108,1,4,,1,
2994147,,4,,,
2994247,1,3,,1,
2994730,1,1,,,
2997927,,3,,,
2998332,,2,,1,1
2998439,1,1,,1,
2998460,1,,,,
2998553,,3,,1,
2998630,1,2,,,
2998668,1,2,,1,
2998743,,3,,1,
2998882,1,2,,1,
3002203,2,2,,,
3006633,1,2,,2,1
3007306,,,,1,
3007357,2,3,,,
3007389,1,2,,,
3007798,1,1,,,
3010634,,3,,1,
3010979,2,1,,,
3012504,3,2,,,
3012626,1,2,,1,
3012787,1,1,,2,
3013929,1,2,,1,
3014111,2,3,1,1,
3015745,1,1,,,
3016585,1,1,,,
3017052,,2,1,,
3017658,1,1,1,,
3017859,1,,,1,
3017899,,3,,,
3018081,2,2,,,
3018328,1,1,,,
3018681,1,,,,
3019529,1,1,,,
3021600,,3,,1,
3023635,1,2,,1,
3023987,2,3,,,
3024550,1,1,,2,
3027199,,2,,2,
3027660,2,4,1,1,1
3028025,,3,,1,
3028059,1,,,,
3028915,2,2,,,
3028944,1,1,,,
3029352,1,5,1,1,1
3030416,2,3,,,
3030576,,3,,,
3031012,,3,1,,
3031862,1,1,,,
3031982,,4,,,
3032450,1,2,,1,
3033240,2,1,,1,
3034737,1,1,,,
3034965,,3,,,
3035020,1,2,,1,
3036205,3,3,,,
3040230,2,3,,,
3041929,2,1,,,
3043833,1,,,,
3044278,1,1,,2,
3044758,,4,,1,2
3044909,,,,1,
3045115,1,,,,
3045275,1,1,,,
3045336,1,1,,2,
3045661,1,2,,1,
3045678,2,3,,,
3046926,,4,,1,1
3047524,,2,,1,
3048815,,3,,1,
3049029,,4,,,
3049696,,3,,,
3049706,1,2,,1,
3050101,1,1,,,
3052945,,3,,,
3055105,1,2,,1,
3055801,,2,,1,
3057374,1,1,,,
3057677,1,1,,1,
3057845,2,1,,,
3058040,2,2,,,
3058351,1,1,,,
3058709,1,1,,,
3058710,1,1,,,
3058794,1,,,,
3058901,2,1,,1,
3059053,,3,,2,
3059096,,3,,1,
3059767,,4,,,
3059913,,3,,1,
3060531,,3,,,
3060649,,3,,1,
3061505,2,3,,,
3061742,,3,,,
3061977,1,,,,
3062079,,1,,,
3062725,1,1,,,
3062797,1,,,,
3062993,,4,,,
3063194,,2,,1,
3063580,,4,,1,1
3063955,1,,,2,
3064055,1,3,1,,
3068423,1,1,,,
3068642,1,1,,,
3069038,1,1,,,
3071949,1,,,,
3072312,,3,,,
3072512,1,4,,1,2
3072672,1,2,,1,
3074047,,4,,,
3074244,2,2,1,,
3074737,2,,,,
3074967,1,1,,,
3074993,1,,,,
3075011,1,4,1,1,1
3075581,1,5,,1,1
3075737,2,,,,
3076087,1,2,,1,
3076161,1,1,,,
3076543,1,2,,1,
3076969,2,2,,,
3077268,1,5,1,1,
3077284,,3,,,
3077508,1,1,,,
3077928,2,1,,,
3078720,1,2,,1,
3078767,1,3,,2,
3078803,1,,,,
3078946,1,,,,
3079071,,3,,,
3079199,1,5,1,1,1
3079890,2,3,,,
3081125,,2,,2,
3081399,,3,,1,
3081990,2,,,,
3082751,1,1,,,
3082765,1,4,1,1,1
3083340,1,,,,
3083691,,3,,1,2
3083900,1,,,,
3083991,1,,,,
3085949,1,1,,2,
3085979,,4,,1,
3086434,1,,,,
3087992,2,2,,,
3089012,1,,,,
3090839,1,1,,,
3091527,,2,,1,
3092236,,3,,,
3092419,,4,,,
3092483,,3,,1,
3092994,2,1,,,
3093672,1,3,,1,
3094946,,4,,1,
3095625,,2,1,1,
3095708,1,2,,1,
3095999,1,4,,1,1
3098009,,2,,2,
3098651,1,1,,,
3099044,1,2,1,1,
3100121,1,1,,,
3101304,1,1,,,
3101603,1,2,,1,
3102356,1,,,1,
3102578,1,,,,
3103026,,2,,,
3105024,2,1,,,
3106570,,3,,1,
3106600,,3,,2,
3106842,1,1,,,
3107174,1,1,,,
3107256,1,2,,1,
3107517,2,1,,,
3107804,1,2,,1,
3109728,1,1,,,
3110364,,3,,,
3110875,3,1,,,
3112057,1,,,1,
3114885,1,5,,1,1
3116079,1,2,,1,
3118084,,4,,,
3118142,2,3,,1,
3119418,1,1,,,
3119419,2,1,,,
3122685,1,1,,,
3124392,1,1,,,
3124754,,2,,1,
3126176,1,2,,,
3126420,1,1,,,
3127009,,3,,,
3127620,,4,,1,
3127850,,4,,,
3128172,1,,,,
3128475,2,2,1,,
3128676,1,3,,2,
3128708,1,1,,2,
3128939,1,,,,
3128947,1,1,,,
3129283,1,1,,,
3130118,,4,,,
3131171,2,2,,,
3131638,,3,,1,
3131835,1,1,,,
3136582,1,1,,,
3137713,2,3,2,,
3138722,2,2,,,
3140386,,2,,2,
3140427,1,2,,1,
3140730,1,,,,
3141276,2,1,,1,
3141504,1,1,,,
3142613,2,2,,,
3143059,1,1,1,1,
3143281,2,2,,,
3143344,2,1,,,
3143348,2,3,,,
3144026,2,1,,,
3144501,1,3,1,1,1
3144678,1,,,,
3145825,1,1,,,
3146220,1,3,,1,
3146343,2,2,,,
3146507,,2,,,
3146735,,4,,,
3146863,,4,,,
3147191,,2,,2,
3147236,1,2,,1,1
3147265,1,1,,,
3147673,1,3,,,
3147927,1,2,,1,
3148099,1,2,,1,
3148628,1,5,1,1,
3148664,1,1,,,
3148679,,3,,,
3148952,,3,,,
3148962,,2,,2,
3149044,,4,,,
3149354,,3,1,1,
3149440,,3,,,
3149656,1,2,,,
3149689,,4,,1,
3150563,2,1,,,
3150677,2,3,,,
3150883,2,2,,,
3151538,1,,,1,
3155348,1,1,,,
3155945,1,1,,,
3156229,,4,,,
3157782,1,,,1,
3158210,1,4,2,1,
3159061,1,1,,,
3159136,1,,,,
3159871,,3,,1,
3159997,2,3,,,
3160232,1,,,,
3160346,1,,,,
3160562,1,2,,1,
3160751,2,3,,,
3160831,1,2,,2,
3161587,,3,,1,
3162479,1,,,1,
3162710,,2,,,
3162755,1,,,,
3163099,1,2,,1,
3163397,,4,,,
3163445,2,1,,,
3163549,3,,,,
3163578,,4,,,
3163604,,4,,,
3163609,,4,,1,
3163838,1,1,,,
3164013,1,2,,,
3164095,1,2,,1,
3164231,1,1,,2,
3164316,,3,,1,
3164660,2,3,,,
3164799,,2,,1,
3164904,,3,,,
3164964,2,3,,,
3165100,1,1,,,
3165102,1,1,,,
3165428,1,1,,,
3165461,,4,,1,
3165472,1,,,,
3165525,,3,,1,
3165633,,3,,1,
3165731,,4,,,
3165747,1,4,,1,
3165813,1,2,,1,
3166077,,2,,2,
3175732,1,2,1,,
3176910,2,3,,,
3177202,1,3,1,,
3177847,2,3,,,
3178045,1,,,,
3178366,1,1,,,
3178410,,4,,1,
3178456,2,3,,,
3179248,1,,,,
3179255,2,2,,,
3179373,1,3,,,
3179590,1,,,,
3179615,1,,,,
3179709,,4,,1,
3180014,1,1,,2,
3180133,1,,,,
3180243,1,1,,2,
3180750,1,,,,
3180872,1,2,,1,
3181126,2,3,,,
3181242,2,2,,,
3181286,,4,,1,
3181293,,2,,2,
3181453,,2,,2,2
3181464,1,,,,
3181508,,4,,1,
3181695,2,2,1,,
3182282,,2,,1,
3183629,,4,,1,
3185149,,4,,,
3185195,2,1,,,
3185499,1,4,,1,
3185644,,2,1,,
3186681,1,2,,1,
3187014,2,4,,,
3188218,,1,,2,
3189332,,3,,1,1
3189900,,3,,1,
3190936,1,3,,1,1
3191046,1,,,,
3192224,1,1,,,
3193584,1,1,,,
3193745,1,5,1,1,
3194147,,3,,,
3194199,1,2,,1,
3194544,1,,,,
3195250,1,2,,1,
3195846,,2,,2,
3196417,,3,,1,
3196547,,3,,,
3197273,1,4,,1,
3198542,,3,,,
3198573,,1,,2,
3199049,1,,,,
3201747,1,1,,,
3203340,1,1,,,
3204359,1,4,,1,1
3204395,1,2,,1,
3205242,,2,,,
3205304,1,1,,1,
3205379,1,1,,2,
3205638,1,,,,
3205742,,3,,,
3205932,1,1,,,
3206047,1,,,,
3206516,1,1,,,
3206804,1,1,,,
3207433,1,1,,,
3208486,,3,,,
3208563,2,1,,,
3209282,1,2,,1,
3209501,1,2,,1,
3209505,2,3,,,
3209513,1,,,,
3210519,,4,,1,
3210580,,4,,1,
3210659,,2,,,
3210984,1,3,,2,
3211063,2,1,,,
3211211,,3,,1,
3211227,1,2,,1,
3211264,1,4,,1,1
3211299,1,1,,2,
3211335,,3,,1,
3211397,1,2,,1,
3211530,2,2,,1,
3211570,1,1,,,
3211763,3,,,,
3212018,,3,,1,
3213226,,2,,2,
3213256,1,4,,1,
3213747,1,1,,,
3214875,,2,,1,
3216643,1,1,,1,1
3216989,,3,,2,
3217045,2,4,,,
3217881,,3,,1,
3218212,,3,,1,
3218381,1,3,,,
3219518,1,3,,,
3220020,1,,,,
3220176,,4,,,
3221303,,4,,,
3221467,1,5,1,1,
3221691,1,1,,1,
3221964,1,4,1,1,1
3222672,,3,,,
3222814,2,2,1,1,1
3222839,,3,,1,
3223213,2,2,,,
3223258,1,,,1,
3229825,,2,,1,
3230526,1,,,,
3231463,2,2,,1,
3231945,1,,,,
3232047,1,1,,,
3232167,,3,,1,
3233806,2,2,,,
3234927,1,1,,1,
3235002,1,1,,,
3235003,1,1,,,
3235368,1,2,,1,
3235769,1,1,,,
3235799,1,1,,,
3235813,1,2,,,
3236146,1,2,,1,
3236451,2,3,,2,
3236916,2,3,,,
3237159,,3,,1,
3237404,1,2,,,
3237862,,3,,,
3237948,2,1,,,
3238964,1,3,,1,1
3239027,,4,,,
3239966,1,,,,
3240048,1,2,1,,
3240092,1,,,,
3240160,1,3,1,1,
3240443,1,3,,1,
3240790,,3,1,,
3240799,2,2,,,
3241302,1,2,,1,
3248139,1,1,,2,
3248242,,4,,,
3249219,2,1,,,
3250647,2,2,,,
3250965,1,,,,
3251039,1,1,,,
3252038,1,2,,1,
3252049,3,2,,,
3252701,1,2,,,1
3252821,,4,,,
3253165,,2,,1,
3253699,,4,,1,
3253944,2,1,,,
3253994,1,1,,,
3254072,,4,,,
3254125,1,1,,,
3255706,2,3,,,
3255935,,4,,,
3256157,1,2,,,
3256651,2,2,,2,
3257810,,3,,1,
3257881,,3,,1,
3258789,1,2,,1,
3259418,,3,,1,
3259524,,4,,,
3259567,1,1,,,
3259689,,3,,1,
3260041,1,2,,1,
3260207,1,2,,2,1
3260245,1,2,,1,
3260248,1,4,,1,
3260311,,3,,1,
3260346,1,1,,1,
3260931,1,2,1,,
3264340,,3,,1,
3264467,1,,,,
3264700,,2,,2,
3264864,,3,,,
3265224,,3,,,
3265280,1,,,,
3265893,1,,,,
3266360,,3,,,
3266386,,2,,,
3266500,1,4,1,1,
3266938,,4,,,
3267154,,2,,,
3267157,1,2,,1,
3267687,1,1,,,
3267789,,3,,,
3269657,,2,,1,
3269873,1,2,,1,
3270277,,3,,2,
3270630,1,1,,2,
3271054,,4,,,
3271193,,4,,,
3271704,,2,1,,2
3272243,,2,,1,
3272288,,3,,,
3272445,,2,1,,
3272653,2,2,,,
3273744,,3,1,,
3275335,,3,,2,
3275554,,2,1,,
3276591,,3,1,,
3278561,,2,,1,
3279107,2,4,,,
3279140,,3,,1,
3279355,3,5,,,
3280665,1,1,,1,
3280969,,2,,1,
3281519,1,1,,2,
3281684,,3,1,,
3281735,,2,,2,
3282599,1,3,1,2,
3282748,,3,,1,
3285201,,4,,,
3287032,1,,,,
3287664,1,2,,1,
3288001,1,4,,1,
3288232,1,,,,
3288288,1,1,,,
3288619,,3,,1,1
3288717,1,1,,,
3288741,1,1,,1,
3290183,,3,1,,
3290793,,3,,,
3290954,1,,,,
3291034,,2,,1,
3291065,,3,,1,1
3291559,,3,,1,
3291574,,5,,,
3291844,,2,,2,
3301613,2,2,,,
3301747,,4,,,
3302746,1,2,,1,
3302954,,3,,,
3304782,2,2,,,
3305877,2,,,,
3308618,,3,,1,
3308680,1,5,1,1,1
3310261,1,1,,,
3313501,1,1,,,
3338393,1,1,,,
3338531,1,1,,,
3339502,,4,,,
3341941,2,1,,,
3342418,1,,,,
3342895,1,1,,,
3359764,,4,,,
3371397,,3,,1,
3371507,,3,,1,
3383582,2,2,,,
3384665,,4,,,
3384719,1,,,,
3384727,1,1,,,
3385044,,4,,1,2
3400083,1,1,,,
3401504,1,2,,,1
3402555,1,1,,,
3406161,3,2,,,
3407490,2,4,,1,
3415601,,3,,1,
3416845,1,,1,2,
3419217,1,6,1,,
3424421,,4,,,
3424429,1,,,,
3424684,1,1,,,
3427591,1,,,,
3428752,,3,,1,
3430034,1,,,,
3430071,2,,,,
3430087,1,1,,,
3431065,1,2,1,,
3431157,1,2,,,
3431278,,4,,1,
3431727,1,,,,
3431960,1,1,,,
3433447,1,,,,
3433583,1,1,,1,1
3433672,1,,,,
3433812,3,,,,
3434471,1,,,,
3439548,2,,,,
3440477,,3,,,
3441732,1,4,,1,
3441747,1,2,1,,
3442112,1,,,,
3443409,1,1,,,
3443867,1,3,,1,1
3443874,,1,,1,
3444691,1,1,,1,
3445209,1,1,,,
3446251,1,,,,
3453812,1,5,1,1,
3455245,1,2,,1,
3456855,1,,,,
3457107,2,2,,,
3457542,,4,,1,
3458032,1,,,,
3458446,,3,,1,
3458451,,2,1,,
3461178,1,1,,,
3463531,,3,1,,
3466282,2,2,,,
3466949,1,1,,1,
3468347,2,2,,,
3468383,1,,,,
3468420,1,2,,1,
3468847,1,,,1,
3469128,1,1,,1,
3469164,,3,,1,
3471055,1,3,,1,
3471536,,2,,1,
3471859,1,2,,1,
3471936,1,2,,2,1
3472521,,3,,1,
3472930,1,,,1,
3473530,1,1,,,
3477987,1,,,,
3478201,,3,,,
3478253,,4,,1,
3479247,2,,,,
3479408,2,4,2,1,
3480504,1,4,1,1,
3483060,1,5,,1,1
3483081,1,,,,
3483695,1,,,1,
3490581,,4,,1,
3493828,1,1,,,
3495640,1,4,1,1,
3495767,,3,,1,1
3495780,1,4,1,1,
3495890,,3,,1,
3495921,1,3,,1,1
3497178,2,2,,,
3497842,,3,,1,
3498227,,3,,,
3504075,1,3,,1,
3508613,1,2,,,
3508803,1,,,,
3509173,1,,,1,
3510589,,3,,1,
3511223,1,3,,1,
3511540,1,,,,
3518724,2,2,,,
3520708,2,2,,,
3524984,1,,,,
3526014,2,5,,1,1
3526417,1,5,1,1,1
3526855,1,4,,1,
3527786,1,,,1,
3528264,1,3,,,
3532635,1,4,,1,
3533741,1,1,,,
3536183,2,3,,,
3539670,,4,,1,
3540424,3,1,,,
3540591,2,1,,1,
3541637,1,1,,,
3542055,2,,,,
3542393,1,1,,,
3542536,,4,,1,
3545028,2,3,,,
3545310,1,1,,,
3551500,2,2,,1,
3553193,,3,,1,
3553308,2,3,,1,1
3553568,2,2,,,
3553799,1,1,,,
3553820,2,2,,,
3554148,1,2,,,
3554539,1,4,,1,1
3562407,1,2,,,
3564013,1,1,1,1,
3565548,,2,,2,
3565760,,3,,2,
3565858,1,2,,,
3566061,1,1,,,
3566251,2,3,,,
3566959,,4,,,
3567037,2,2,,,
3567752,1,1,,,
3567815,2,1,,,1
3569176,1,2,,,
3585107,1,,,,
3589644,,4,,1,
3589753,2,5,1,1,
3590552,1,2,,1,
3591370,1,2,,1,
3591489,,4,,1,
3592269,1,4,1,1,
3593840,,3,1,,
3594169,1,2,,1,
3594849,1,,,1,
3594912,,4,,1,
3595158,1,,,,
3595174,1,,,,
3595671,1,2,,,
3595678,1,1,,,
3595836,1,1,,,
3596332,2,3,,,
3596917,1,1,,,
3596935,1,2,,,
3598020,1,,,,
3598057,2,1,,1,
3598209,,4,,1,1
3598923,1,2,,,
3601244,,4,,,
3611941,1,1,,,
3612704,1,2,,,
3613500,2,2,,,
3613550,2,2,,,
3615168,1,1,,,
3619623,1,2,,2,1
3621919,,3,,1,
3624584,,3,,1,
3624851,1,3,1,1,1
3624875,2,3,,1,1
3625637,,3,,2,
3626022,1,2,,,
3626226,1,,,1,
3626911,,3,,2,
3627098,1,1,,,
3627107,1,1,,,
3627525,1,1,,,
3628292,,3,,,
3628578,1,1,,,
3629110,,3,,,
3629297,1,,,,
3639168,,4,,,
3639235,2,2,,,
3639396,1,2,,1,
3640071,,2,,1,
3640510,,4,,1,
3641146,1,5,1,1,1
3641379,1,,,,
3641847,1,1,,,
3642853,1,2,,,
3642927,2,2,,,
3642989,,3,,,
3643264,1,,,,
3649147,,2,1,,2
3653258,,3,,,
3653292,1,3,,2,
3653726,,4,,1,
3654012,,2,1,,
3654079,1,2,,,
3654503,2,2,,,
3654688,2,2,,,
3654729,1,3,,2,1
3654773,1,1,,,
3654918,1,2,,,
3654981,,2,,2,
3655478,,4,,,
3655498,1,1,,,
3657380,4,3,,,
3658803,,3,,1,
3665331,,3,,1,1
3666713,1,3,,1,
3668462,1,4,,1,1
3669672,,4,,1,
3670283,1,1,,,
3670844,1,2,1,1,
3670905,1,3,1,1,1
3670990,,3,,2,
3672650,,3,,1,2
3675070,1,3,,2,
3675299,,4,,,
3680705,2,3,1,,1
3682233,,3,,1,
3683319,,3,,1,
3683485,1,2,,,
3683876,1,2,,,
3684067,,4,,,
3684242,,2,,1,
3684384,2,2,,,
3686067,1,2,,,
3692489,,4,,,
3696541,,4,,1,
3696954,1,2,,,
3697775,,3,,,
3699320,1,3,,1,2
3700102,1,5,1,1,1
3703851,,4,,1,
3705824,,3,,1,
3710883,,4,,1,2
3711187,1,,,1,
3711653,1,4,,1,
3713229,,3,,1,
3713503,,3,,1,
3713520,,4,,,
3717172,,4,,1,
3723134,,3,,2,
3725055,1,1,,,
3726554,,3,,1,
3733272,,3,,1,
3741098,,3,,1,
3742754,2,1,,,
3753908,1,2,,,
3755349,2,2,,,
3756049,1,3,,2,
3756135,1,3,,1,
3765966,1,,,1,
3766682,1,2,,,
3766838,,4,,,
3771509,1,3,,,
3775135,,3,,,1
3775263,1,4,,1,
3775462,,2,,2,
3775691,,3,,1,
3775882,1,3,,1,
3776056,1,5,1,1,1
3776281,1,2,,,
3776338,,3,1,,
3778785,,3,,,
3779215,2,2,,,
3779240,2,3,,1,
3779660,,2,,2,
3779791,2,5,1,1,1
3783568,2,1,,,
3787193,1,2,,,
3789985,,4,,,
3790237,,4,,,
3790600,,3,,,1
3790895,2,3,,,
3791189,,3,,,1
3791818,,2,1,,
3793241,,3,,,
3793266,1,4,,1,
3798847,2,1,,,
3804217,,3,,1,
3804231,1,,,,
3804406,,4,,,
3805408,2,1,,1,
3805950,,4,,,
3808076,,4,,,
3809294,2,2,,,
3810003,,3,,,
3810014,2,2,,,
3814837,1,2,,,
3815020,1,5,1,1,1
3817282,2,5,1,1,1
3817288,1,3,,,
3818149,,3,,1,
3818564,,4,,1,
3822059,,3,,1,
3822087,1,2,,,
3824501,,3,,2,
3824753,,2,,2,
3825640,1,5,1,1,1
3825744,1,2,,,
3828227,,3,,,
3829820,,3,,1,
3829896,,4,,1,
3829943,1,1,,,1
3830913,,3,,1,
3832656,1,2,,,
3832829,,3,,1,
3833892,,3,,2,
3834179,1,,,,
3834747,,4,,1,
3835113,1,1,,1,
3835534,1,4,1,1,1
3836130,,3,,1,
3836716,,4,,,
3838428,,5,,,
3839724,,3,,1,
3839801,1,3,,2,1
3840059,,3,,1,
3841055,1,,,,
3843058,,2,,,
3843600,2,2,,,
3845311,2,1,,,1
3847069,2,2,,,
3847308,,3,,2,
3847332,1,2,,,
3847342,1,2,1,,
3847995,2,2,,,
3852182,3,1,,,
3852506,1,5,1,1,1
3858042,1,1,1,,
3862481,2,1,,1,
3862639,,4,,1,
3862641,,3,,1,
3865209,1,4,,1,
3865597,,3,,1,2
3866289,,3,1,,
3867987,,2,,2,
3868235,2,2,,,
3869324,1,2,,,
3869334,,3,,1,
3869555,1,1,,1,
3870872,,4,,1,
3870968,,3,,1,
3872363,2,2,,,
3872702,,4,,,
3876577,1,3,,1,1
3879074,,4,,1,
3879960,,3,,1,
3881232,1,2,,,
3882241,1,5,1,1,1
3883844,2,2,,,
3886487,1,4,,1,1
3886728,1,2,,,
3891307,2,2,,,
3891863,1,2,,,
3898204,,2,,1,
3901136,2,2,,,
3901192,1,5,,1,
3902263,3,3,,,
3902869,1,1,,,
3903143,2,2,,,
3903163,,1,,1,
3903175,1,1,1,,
3903404,1,4,,1,
3903853,,1,,,
3904024,2,1,,1,
3904125,,3,,1,
3906855,1,2,,,
3906926,1,1,,,
3911409,1,2,,,
3911897,1,2,2,1,
3912486,,2,,2,
3912843,,4,,1,
3913064,,4,,1,
3913518,1,2,,1,
3916045,,2,,1,
3916060,,4,,1,
3917568,1,4,,1,1
3917578,,4,,1,
3919087,,4,,1,
3919534,1,2,,,
3920705,,3,,,
3921687,1,1,,1,
3922121,2,,,,
3929334,,4,,1,
3932704,1,4,1,2,1
3932705,2,4,1,1,1
3933532,2,2,,,
3934979,1,3,,1,
3935849,,,,1,
3937920,,3,,2,
3938772,,3,,1,
3938883,,4,,,
3941008,,4,,1,
3941126,3,1,,,
3943324,,3,,1,
3944134,2,3,,,
3944391,1,2,1,,
3949115,,4,,1,
3949558,,4,,,
3950970,2,3,,,
3953939,2,2,,,
3956674,1,2,,2,
3959119,2,1,,1,
3959126,,4,,1,
3959386,,3,,1,
3963209,,3,,,
3966046,1,2,,,
3970825,,3,,1,
3974513,,3,,2,
3974564,,2,,2,
3975739,,3,,2,
3983466,,3,,,
3983964,1,2,,,
3988306,1,2,1,,
3991968,,3,,1,
3991995,,3,,2,
3992466,1,2,,,
3994086,1,1,1,,
3998841,1,6,,,
4001081,,4,,1,1
4002028,2,3,,,
4003195,,4,,1,
4005102,2,2,,,
4005271,,3,,,
4005495,1,3,,1,
4006298,,3,,2,1
4008920,,2,,2,
4014792,,3,,1,
4015371,1,2,,,
4016043,1,1,,,
4018271,,4,,1,
4021920,,3,,1,
4026361,,3,,,
4027108,1,3,,,
4027549,,3,,1,
4028526,,3,,,
4028651,,3,,1,1
4030017,1,2,,2,1
4031170,1,1,1,,
4031204,1,,1,1,
4031257,,4,,1,
4031573,,4,,1,2
4036761,,3,,,
4037426,1,3,,,
4037666,1,,,,
4040551,1,1,,,
4044933,,3,,1,
4046363,1,2,,,
4048423,1,2,,,
4050507,,2,,2,
4050828,,3,,1,
4052058,1,2,,1,
4055555,,3,,2,2
4056559,1,1,,2,
4056580,,4,,1,
4059636,,3,,,
4070601,2,2,,,
4071646,2,2,,,
4072462,,2,1,1,
4072906,1,2,,,
4072955,,1,1,,
4072966,,2,,1,
4078876,,1,,,